{
  "version": "2.0",
  "ppid": 14724,
  "events": [
    {
      "head": {
        "id": "8740a18a-3032-4c59-9391-68c9c8d196e7",
        "name": "hvigor build process will be closed.",
        "description": "",
        "type": "log"
      },
      "body": {
        "pid": 11096,
        "tid": "Main Thread",
        "startTime": 13327164960000
      },
      "additional": {
        "logType": "debug",
        "children": []
      }
    },
    {
      "head": {
        "id": "02d3ff81-d535-4820-9319-c71970ab6832",
        "name": "watch worker: worker id should be larger than 0. Nothing will be sent to any worker thread.",
        "description": "",
        "type": "log"
      },
      "body": {
        "pid": 11096,
        "tid": "Main Thread",
        "startTime": 13327175640500
      },
      "additional": {
        "logType": "debug",
        "children": []
      }
    },
    {
      "head": {
        "id": "18f90013-ede8-4ed9-885a-ce02ecc25915",
        "name": "watch worker: worker id should be larger than 0. Nothing will be sent to any worker thread.",
        "description": "",
        "type": "log"
      },
      "body": {
        "pid": 11096,
        "tid": "Main Thread",
        "startTime": 13327176349400
      },
      "additional": {
        "logType": "debug",
        "children": []
      }
    },
    {
      "head": {
        "id": "eac82d80-d07d-46f0-9605-6a0b1e868dc2",
        "name": "worker[17] exits with exit code 1.",
        "description": "",
        "type": "log"
      },
      "body": {
        "pid": 11096,
        "tid": "Main Thread",
        "startTime": 13327178574400
      },
      "additional": {
        "logType": "debug",
        "children": []
      }
    },
    {
      "head": {
        "id": "74926220-966a-47fd-bb1e-16a1d7ed1a2e",
        "name": "worker[18] exits with exit code 1.",
        "description": "",
        "type": "log"
      },
      "body": {
        "pid": 11096,
        "tid": "Main Thread",
        "startTime": 13327193366900
      },
      "additional": {
        "logType": "debug",
        "children": []
      }
    },
    {
      "head": {
        "id": "d4013647-ca6b-4dfb-8be3-373775a37f0b",
        "name": "watch worker: worker id should be larger than 0. Nothing will be sent to any worker thread.",
        "description": "",
        "type": "log"
      },
      "body": {
        "pid": 11096,
        "tid": "Main Thread",
        "startTime": 13528016220000
      },
      "additional": {
        "logType": "debug",
        "children": []
      }
    },
    {
      "head": {
        "id": "b9bbc96a-8fda-459c-8fe6-fa35c145a655",
        "name": "init",
        "description": "Initialize and build task graph.",
        "type": "duration"
      },
      "body": {
        "pid": 11096,
        "tid": "Main Thread",
        "startTime": 13528026667000,
        "endTime": 13528321954300
      },
      "additional": {
        "children": [
          "ae729676-a530-4d75-8bae-2bdad62a35b8",
          "2edfff78-52cf-4778-8c32-66e8c2c03810",
          "86542412-1362-49a4-8180-fa242ca55475",
          "dcb5016d-d146-4fba-b092-565cb68e8127",
          "960d2681-d0f8-4293-9f7e-864d367686ce",
          "3bf01c9d-7aa8-4268-9a37-6813578741db",
          "7634efde-2083-49a4-9820-1a58c2251ca7"
        ],
        "state": "success",
        "targetName": "",
        "moduleName": "",
        "category": "Init",
        "taskRunReasons": [],
        "logId": "8aac8f64-c8ea-4da1-b353-c309a52f104f"
      },
      "log": {
        "_logger": {
          "category": "DurationEvent",
          "context": {},
          "callStackSkipIndex": 0
        },
        "_filelogger": {
          "category": "debug-file",
          "context": {},
          "callStackSkipIndex": 0
        }
      }
    },
    {
      "head": {
        "id": "ae729676-a530-4d75-8bae-2bdad62a35b8",
        "name": "create hvigor project model",
        "description": "Initialize hvigor project model.",
        "type": "duration"
      },
      "body": {
        "pid": 11096,
        "tid": "Main Thread",
        "startTime": 13528026669700,
        "endTime": 13528044594300
      },
      "additional": {
        "children": [],
        "state": "success",
        "targetName": "",
        "moduleName": "",
        "category": "",
        "taskRunReasons": [],
        "parent": "b9bbc96a-8fda-459c-8fe6-fa35c145a655",
        "logId": "46d76787-c51b-4378-a6f7-54963fb6cdb3"
      },
      "log": {
        "_logger": {
          "category": "DurationEvent",
          "context": {},
          "callStackSkipIndex": 0
        },
        "_filelogger": {
          "category": "debug-file",
          "context": {},
          "callStackSkipIndex": 0
        }
      }
    },
    {
      "head": {
        "id": "2edfff78-52cf-4778-8c32-66e8c2c03810",
        "name": "configure hvigor plugin",
        "description": "Configure hvigor plugin.",
        "type": "duration"
      },
      "body": {
        "pid": 11096,
        "tid": "Main Thread",
        "startTime": 13528044626000,
        "endTime": 13528318582700
      },
      "additional": {
        "children": [
          "854bb1aa-5c83-4151-9ef5-79a9fc4a5a91",
          "3f257d22-07b4-41a1-9929-6e9ac782a036",
          "4901ebf2-476b-42a9-9651-893735e47f5b",
          "28d7bc2a-9605-4c56-b082-4b477a0dbbfc",
          "f28b7168-dd3b-4fcc-b0b1-52e15e6369a6",
          "d863ba5c-d9fe-4d1d-946f-1e18ad091c69",
          "8c8d5099-9c80-46a4-8a0a-33acae4bef45",
          "05b0d860-e010-49df-b443-24d5c4dcd065",
          "454bc113-17a5-4a0b-9579-b47541054b7c"
        ],
        "state": "success",
        "targetName": "",
        "moduleName": "",
        "category": "",
        "taskRunReasons": [],
        "parent": "b9bbc96a-8fda-459c-8fe6-fa35c145a655",
        "logId": "069fa7d1-6501-4024-9f1e-083d55b4ae57"
      },
      "log": {
        "_logger": {
          "category": "DurationEvent",
          "context": {},
          "callStackSkipIndex": 0
        },
        "_filelogger": {
          "category": "debug-file",
          "context": {},
          "callStackSkipIndex": 0
        }
      }
    },
    {
      "head": {
        "id": "86542412-1362-49a4-8180-fa242ca55475",
        "name": "build task graph",
        "description": "Build task graph.",
        "type": "duration"
      },
      "body": {
        "pid": 11096,
        "tid": "Main Thread",
        "startTime": 13528318641600,
        "endTime": 13528321926800
      },
      "additional": {
        "children": [],
        "state": "success",
        "targetName": "",
        "moduleName": "",
        "category": "",
        "taskRunReasons": [],
        "parent": "b9bbc96a-8fda-459c-8fe6-fa35c145a655",
        "logId": "04f68d56-5c50-49a6-8c74-ee04ac2c1028"
      },
      "log": {
        "_logger": {
          "category": "DurationEvent",
          "context": {},
          "callStackSkipIndex": 0
        },
        "_filelogger": {
          "category": "debug-file",
          "context": {},
          "callStackSkipIndex": 0
        }
      }
    },
    {
      "head": {
        "id": "dcb5016d-d146-4fba-b092-565cb68e8127",
        "name": "init task execution option",
        "description": "Init task execution option.",
        "type": "duration"
      },
      "body": {
        "pid": 11096,
        "tid": "Main Thread",
        "startTime": 13528321943000,
        "endTime": 13528321947200
      },
      "additional": {
        "children": [],
        "state": "success",
        "targetName": "",
        "moduleName": "",
        "category": "",
        "taskRunReasons": [],
        "parent": "b9bbc96a-8fda-459c-8fe6-fa35c145a655",
        "logId": "14160c35-7164-4c86-a5ae-88bbc19767ca"
      },
      "log": {
        "_logger": {
          "category": "DurationEvent",
          "context": {},
          "callStackSkipIndex": 0
        },
        "_filelogger": {
          "category": "debug-file",
          "context": {},
          "callStackSkipIndex": 0
        }
      }
    },
    {
      "head": {
        "id": "960d2681-d0f8-4293-9f7e-864d367686ce",
        "name": "\"configEvaluated\" hook function",
        "description": "",
        "type": "duration"
      },
      "body": {
        "pid": 11096,
        "tid": "Main Thread",
        "startTime": 13528031103600,
        "endTime": 13528031189600
      },
      "additional": {
        "children": [],
        "state": "success",
        "targetName": "",
        "moduleName": "",
        "category": "",
        "taskRunReasons": [],
        "parent": "b9bbc96a-8fda-459c-8fe6-fa35c145a655",
        "logId": "2f0d7bd9-1445-49b9-9cd0-3c76843718d9"
      },
      "log": {
        "_logger": {
          "category": "DurationEvent",
          "context": {},
          "callStackSkipIndex": 0
        },
        "_filelogger": {
          "category": "debug-file",
          "context": {},
          "callStackSkipIndex": 0
        }
      }
    },
    {
      "head": {
        "id": "2f0d7bd9-1445-49b9-9cd0-3c76843718d9",
        "name": "\"configEvaluated\" hook function",
        "description": "",
        "type": "log"
      },
      "body": {
        "pid": 11096,
        "tid": "Main Thread",
        "startTime": 13528031103600,
        "endTime": 13528031189600
      },
      "additional": {
        "logType": "info",
        "children": [],
        "durationId": "960d2681-d0f8-4293-9f7e-864d367686ce",
        "parent": "8aac8f64-c8ea-4da1-b353-c309a52f104f"
      }
    },
    {
      "head": {
        "id": "3bf01c9d-7aa8-4268-9a37-6813578741db",
        "name": "\"nodesInitialized\" hook function",
        "description": "",
        "type": "duration"
      },
      "body": {
        "pid": 11096,
        "tid": "Main Thread",
        "startTime": 13528037861600,
        "endTime": 13528037899000
      },
      "additional": {
        "children": [],
        "state": "success",
        "targetName": "",
        "moduleName": "",
        "category": "",
        "taskRunReasons": [],
        "parent": "b9bbc96a-8fda-459c-8fe6-fa35c145a655",
        "logId": "7ffa8e4a-cdeb-4903-b40f-449ec22bb36a"
      },
      "log": {
        "_logger": {
          "category": "DurationEvent",
          "context": {},
          "callStackSkipIndex": 0
        },
        "_filelogger": {
          "category": "debug-file",
          "context": {},
          "callStackSkipIndex": 0
        }
      }
    },
    {
      "head": {
        "id": "7ffa8e4a-cdeb-4903-b40f-449ec22bb36a",
        "name": "\"nodesInitialized\" hook function",
        "description": "",
        "type": "log"
      },
      "body": {
        "pid": 11096,
        "tid": "Main Thread",
        "startTime": 13528037861600,
        "endTime": 13528037899000
      },
      "additional": {
        "logType": "info",
        "children": [],
        "durationId": "3bf01c9d-7aa8-4268-9a37-6813578741db",
        "parent": "8aac8f64-c8ea-4da1-b353-c309a52f104f"
      }
    },
    {
      "head": {
        "id": "0c2046a3-27f0-4e12-aa45-422fe1a8daf4",
        "name": "Hvigor init with startParameters:{\n  hvigorfileTypeCheck: false,\n  parallelExecution: true,\n  incrementalExecution: true,\n  printStackTrace: false,\n  daemon: true,\n  analyze: 0,\n  logLevel: Level { level: 20000, levelStr: 'INFO', colour: 'green' }\n}",
        "description": "",
        "type": "log"
      },
      "body": {
        "pid": 11096,
        "tid": "Main Thread",
        "startTime": 13528037990300
      },
      "additional": {
        "logType": "debug",
        "children": []
      }
    },
    {
      "head": {
        "id": "afb8c9b5-c112-4308-a647-d7d70d91f282",
        "name": "Cache service initialization finished in 7 ms ",
        "description": "",
        "type": "log"
      },
      "body": {
        "pid": 11096,
        "tid": "Main Thread",
        "startTime": 13528044337400
      },
      "additional": {
        "logType": "debug",
        "children": []
      }
    },
    {
      "head": {
        "id": "46d76787-c51b-4378-a6f7-54963fb6cdb3",
        "name": "create hvigor project model",
        "description": "",
        "type": "log"
      },
      "body": {
        "pid": 11096,
        "tid": "Main Thread",
        "startTime": 13528026669700,
        "endTime": 13528044594300
      },
      "additional": {
        "logType": "info",
        "children": [],
        "durationId": "ae729676-a530-4d75-8bae-2bdad62a35b8",
        "parent": "8aac8f64-c8ea-4da1-b353-c309a52f104f"
      }
    },
    {
      "head": {
        "id": "854bb1aa-5c83-4151-9ef5-79a9fc4a5a91",
        "name": "init configuration",
        "description": "Initialize configuration.",
        "type": "duration"
      },
      "body": {
        "pid": 11096,
        "tid": "Main Thread",
        "startTime": 13528052284600,
        "endTime": 13528052301700
      },
      "additional": {
        "children": [],
        "state": "success",
        "targetName": "",
        "moduleName": "",
        "category": "",
        "taskRunReasons": [],
        "parent": "2edfff78-52cf-4778-8c32-66e8c2c03810",
        "logId": "b9c14af8-cd24-4c3c-8a1c-2a5f96155d29"
      },
      "log": {
        "_logger": {
          "category": "DurationEvent",
          "context": {},
          "callStackSkipIndex": 0
        },
        "_filelogger": {
          "category": "debug-file",
          "context": {},
          "callStackSkipIndex": 0
        }
      }
    },
    {
      "head": {
        "id": "3f257d22-07b4-41a1-9929-6e9ac782a036",
        "name": "configure project task",
        "description": "Configure project task.",
        "type": "duration"
      },
      "body": {
        "pid": 11096,
        "tid": "Main Thread",
        "startTime": 13528052326300,
        "endTime": 13528058596100
      },
      "additional": {
        "children": [],
        "state": "success",
        "targetName": "",
        "moduleName": "",
        "category": "",
        "taskRunReasons": [],
        "parent": "2edfff78-52cf-4778-8c32-66e8c2c03810",
        "logId": "1c4deb23-1a63-4b1b-be59-2dcca945d9f4"
      },
      "log": {
        "_logger": {
          "category": "DurationEvent",
          "context": {},
          "callStackSkipIndex": 0
        },
        "_filelogger": {
          "category": "debug-file",
          "context": {},
          "callStackSkipIndex": 0
        }
      }
    },
    {
      "head": {
        "id": "4901ebf2-476b-42a9-9651-893735e47f5b",
        "name": "eval project",
        "description": "Evaluate project.",
        "type": "duration"
      },
      "body": {
        "pid": 11096,
        "tid": "Main Thread",
        "startTime": 13528058621400,
        "endTime": 13528224611300
      },
      "additional": {
        "children": [
          "33e49cf0-af52-459a-b8a1-fdfd80f79574",
          "2d94697a-5822-48ce-a6cf-129733791939",
          "c1d2a0d0-9f60-4460-b12a-aba216d1aaaa"
        ],
        "state": "success",
        "targetName": "",
        "moduleName": "",
        "category": "",
        "taskRunReasons": [],
        "parent": "2edfff78-52cf-4778-8c32-66e8c2c03810",
        "logId": "ec51c51c-d254-413e-815b-f13ed784acd8"
      },
      "log": {
        "_logger": {
          "category": "DurationEvent",
          "context": {},
          "callStackSkipIndex": 0
        },
        "_filelogger": {
          "category": "debug-file",
          "context": {},
          "callStackSkipIndex": 0
        }
      }
    },
    {
      "head": {
        "id": "28d7bc2a-9605-4c56-b082-4b477a0dbbfc",
        "name": "eval modules",
        "description": "Evaluate modules.",
        "type": "duration"
      },
      "body": {
        "pid": 11096,
        "tid": "Main Thread",
        "startTime": 13528224644800,
        "endTime": 13528267563500
      },
      "additional": {
        "children": [
          "2024f527-651a-48aa-828a-3d59c57404b4"
        ],
        "state": "success",
        "targetName": "",
        "moduleName": "",
        "category": "",
        "taskRunReasons": [],
        "parent": "2edfff78-52cf-4778-8c32-66e8c2c03810",
        "logId": "9767e1e1-8f12-4bb3-999f-c93d3117720b"
      },
      "log": {
        "_logger": {
          "category": "DurationEvent",
          "context": {},
          "callStackSkipIndex": 0
        },
        "_filelogger": {
          "category": "debug-file",
          "context": {},
          "callStackSkipIndex": 0
        }
      }
    },
    {
      "head": {
        "id": "f28b7168-dd3b-4fcc-b0b1-52e15e6369a6",
        "name": "add config dependencies",
        "description": "Add configuration dependencies.",
        "type": "duration"
      },
      "body": {
        "pid": 11096,
        "tid": "Main Thread",
        "startTime": 13528267579400,
        "endTime": 13528298742200
      },
      "additional": {
        "children": [],
        "state": "success",
        "targetName": "",
        "moduleName": "",
        "category": "",
        "taskRunReasons": [],
        "parent": "2edfff78-52cf-4778-8c32-66e8c2c03810",
        "logId": "88b8349a-e38b-4fc0-959c-d9b7bf67d8f7"
      },
      "log": {
        "_logger": {
          "category": "DurationEvent",
          "context": {},
          "callStackSkipIndex": 0
        },
        "_filelogger": {
          "category": "debug-file",
          "context": {},
          "callStackSkipIndex": 0
        }
      }
    },
    {
      "head": {
        "id": "d863ba5c-d9fe-4d1d-946f-1e18ad091c69",
        "name": "exec before all nodes",
        "description": "Execute before all nodes evaluated.",
        "type": "duration"
      },
      "body": {
        "pid": 11096,
        "tid": "Main Thread",
        "startTime": 13528049652500,
        "endTime": 13528318595100
      },
      "additional": {
        "children": [],
        "state": "success",
        "targetName": "",
        "moduleName": "",
        "category": "",
        "taskRunReasons": [],
        "parent": "2edfff78-52cf-4778-8c32-66e8c2c03810"
      },
      "log": {
        "_logger": {
          "category": "DurationEvent",
          "context": {},
          "callStackSkipIndex": 0
        },
        "_filelogger": {
          "category": "debug-file",
          "context": {},
          "callStackSkipIndex": 0
        }
      }
    },
    {
      "head": {
        "id": "8c8d5099-9c80-46a4-8a0a-33acae4bef45",
        "name": "exec after all nodes",
        "description": "Execute after all nodes evaluated.",
        "type": "duration"
      },
      "body": {
        "pid": 11096,
        "tid": "Main Thread",
        "startTime": 13528050537500,
        "endTime": 13528318597300
      },
      "additional": {
        "children": [],
        "state": "success",
        "targetName": "",
        "moduleName": "",
        "category": "",
        "taskRunReasons": [],
        "parent": "2edfff78-52cf-4778-8c32-66e8c2c03810"
      },
      "log": {
        "_logger": {
          "category": "DurationEvent",
          "context": {},
          "callStackSkipIndex": 0
        },
        "_filelogger": {
          "category": "debug-file",
          "context": {},
          "callStackSkipIndex": 0
        }
      }
    },
    {
      "head": {
        "id": "05b0d860-e010-49df-b443-24d5c4dcd065",
        "name": "fin configuration",
        "description": "Finish configuration.",
        "type": "duration"
      },
      "body": {
        "pid": 11096,
        "tid": "Main Thread",
        "startTime": 13528318157600,
        "endTime": 13528318464500
      },
      "additional": {
        "children": [],
        "state": "success",
        "targetName": "",
        "moduleName": "",
        "category": "",
        "taskRunReasons": [],
        "parent": "2edfff78-52cf-4778-8c32-66e8c2c03810",
        "logId": "a4d609f4-12dc-4eae-9ea6-c9138fbfe40e"
      },
      "log": {
        "_logger": {
          "category": "DurationEvent",
          "context": {},
          "callStackSkipIndex": 0
        },
        "_filelogger": {
          "category": "debug-file",
          "context": {},
          "callStackSkipIndex": 0
        }
      }
    },
    {
      "head": {
        "id": "b9c14af8-cd24-4c3c-8a1c-2a5f96155d29",
        "name": "init configuration",
        "description": "",
        "type": "log"
      },
      "body": {
        "pid": 11096,
        "tid": "Main Thread",
        "startTime": 13528052284600,
        "endTime": 13528052301700
      },
      "additional": {
        "logType": "info",
        "children": [],
        "durationId": "854bb1aa-5c83-4151-9ef5-79a9fc4a5a91",
        "parent": "069fa7d1-6501-4024-9f1e-083d55b4ae57"
      }
    },
    {
      "head": {
        "id": "1c4deb23-1a63-4b1b-be59-2dcca945d9f4",
        "name": "configure project task",
        "description": "",
        "type": "log"
      },
      "body": {
        "pid": 11096,
        "tid": "Main Thread",
        "startTime": 13528052326300,
        "endTime": 13528058596100
      },
      "additional": {
        "logType": "info",
        "children": [],
        "durationId": "3f257d22-07b4-41a1-9929-6e9ac782a036",
        "parent": "069fa7d1-6501-4024-9f1e-083d55b4ae57"
      }
    },
    {
      "head": {
        "id": "33e49cf0-af52-459a-b8a1-fdfd80f79574",
        "name": "\"beforeNodeEvaluate\" hook function",
        "description": "",
        "type": "duration"
      },
      "body": {
        "pid": 11096,
        "tid": "Main Thread",
        "startTime": 13528059577700,
        "endTime": 13528059613300
      },
      "additional": {
        "children": [],
        "state": "success",
        "targetName": "",
        "moduleName": "",
        "category": "",
        "taskRunReasons": [],
        "parent": "4901ebf2-476b-42a9-9651-893735e47f5b",
        "logId": "7125865e-83e3-48df-9b4f-190388d888a1"
      },
      "log": {
        "_logger": {
          "category": "DurationEvent",
          "context": {},
          "callStackSkipIndex": 0
        },
        "_filelogger": {
          "category": "debug-file",
          "context": {},
          "callStackSkipIndex": 0
        }
      }
    },
    {
      "head": {
        "id": "7125865e-83e3-48df-9b4f-190388d888a1",
        "name": "\"beforeNodeEvaluate\" hook function",
        "description": "",
        "type": "log"
      },
      "body": {
        "pid": 11096,
        "tid": "Main Thread",
        "startTime": 13528059577700,
        "endTime": 13528059613300
      },
      "additional": {
        "logType": "info",
        "children": [],
        "durationId": "33e49cf0-af52-459a-b8a1-fdfd80f79574",
        "parent": "ec51c51c-d254-413e-815b-f13ed784acd8"
      }
    },
    {
      "head": {
        "id": "2d94697a-5822-48ce-a6cf-129733791939",
        "name": "eval hvigorfile",
        "description": "Evaluate hvigorfile.",
        "type": "duration"
      },
      "body": {
        "pid": 11096,
        "tid": "Main Thread",
        "startTime": 13528062444400,
        "endTime": 13528223085300
      },
      "additional": {
        "children": [
          "2d598db3-ae2e-4485-9d66-6d6b49aa1ac2",
          "2af5176c-0674-4c03-8684-0fcf30bbe21b"
        ],
        "state": "success",
        "targetName": "",
        "moduleName": "",
        "category": "",
        "taskRunReasons": [],
        "parent": "4901ebf2-476b-42a9-9651-893735e47f5b",
        "logId": "74bb5d1f-5bdc-4201-8ff6-d7f435e73fd7"
      },
      "log": {
        "_logger": {
          "category": "DurationEvent",
          "context": {},
          "callStackSkipIndex": 0
        },
        "_filelogger": {
          "category": "debug-file",
          "context": {},
          "callStackSkipIndex": 0
        }
      }
    },
    {
      "head": {
        "id": "2d598db3-ae2e-4485-9d66-6d6b49aa1ac2",
        "name": "require hvigorfile",
        "description": "Require hvigorfile.",
        "type": "duration"
      },
      "body": {
        "pid": 11096,
        "tid": "Main Thread",
        "startTime": 13528062446600,
        "endTime": 13528069083900
      },
      "additional": {
        "children": [],
        "state": "success",
        "targetName": "",
        "moduleName": "",
        "category": "",
        "taskRunReasons": [],
        "parent": "2d94697a-5822-48ce-a6cf-129733791939",
        "logId": "1568e41b-86ed-42c8-901c-41cd5c81cb7c"
      },
      "log": {
        "_logger": {
          "category": "DurationEvent",
          "context": {},
          "callStackSkipIndex": 0
        },
        "_filelogger": {
          "category": "debug-file",
          "context": {},
          "callStackSkipIndex": 0
        }
      }
    },
    {
      "head": {
        "id": "2af5176c-0674-4c03-8684-0fcf30bbe21b",
        "name": "bind plugins",
        "description": "Bind plugins.",
        "type": "duration"
      },
      "body": {
        "pid": 11096,
        "tid": "Main Thread",
        "startTime": 13528069113600,
        "endTime": 13528223056000
      },
      "additional": {
        "children": [],
        "state": "success",
        "targetName": "",
        "moduleName": "",
        "category": "",
        "taskRunReasons": [],
        "parent": "2d94697a-5822-48ce-a6cf-129733791939",
        "logId": "7568c2ca-aaa6-4e24-ad5d-ce7dac9a37e3"
      },
      "log": {
        "_logger": {
          "category": "DurationEvent",
          "context": {},
          "callStackSkipIndex": 0
        },
        "_filelogger": {
          "category": "debug-file",
          "context": {},
          "callStackSkipIndex": 0
        }
      }
    },
    {
      "head": {
        "id": "23611916-e086-4168-8f3a-d24f922a5b23",
        "name": "hvigorfile, resolving D:\\MyApplication3\\hvigorfile.ts",
        "description": "",
        "type": "log"
      },
      "body": {
        "pid": 11096,
        "tid": "Main Thread",
        "startTime": 13528062454600
      },
      "additional": {
        "logType": "debug",
        "children": []
      }
    },
    {
      "head": {
        "id": "c2b1da6f-6a27-471f-a528-0206311fc1f1",
        "name": "hvigorfile, require result:  { default: { system: [Function: appTasks], plugins: [] } }",
        "description": "",
        "type": "log"
      },
      "body": {
        "pid": 11096,
        "tid": "Main Thread",
        "startTime": 13528068831900
      },
      "additional": {
        "logType": "debug",
        "children": []
      }
    },
    {
      "head": {
        "id": "1568e41b-86ed-42c8-901c-41cd5c81cb7c",
        "name": "require hvigorfile",
        "description": "",
        "type": "log"
      },
      "body": {
        "pid": 11096,
        "tid": "Main Thread",
        "startTime": 13528062446600,
        "endTime": 13528069083900
      },
      "additional": {
        "logType": "info",
        "children": [],
        "durationId": "2d598db3-ae2e-4485-9d66-6d6b49aa1ac2",
        "parent": "74bb5d1f-5bdc-4201-8ff6-d7f435e73fd7"
      }
    },
    {
      "head": {
        "id": "14e0afe0-8d24-4ea9-9b3e-99a9032286e0",
        "name": "hvigorfile, binding system plugins [Function: appTasks]",
        "description": "",
        "type": "log"
      },
      "body": {
        "pid": 11096,
        "tid": "Main Thread",
        "startTime": 13528069133900
      },
      "additional": {
        "logType": "debug",
        "children": []
      }
    },
    {
      "head": {
        "id": "35f4dc71-e581-4ba1-a910-633a84a7b004",
        "name": "Start initialize project's product build option map with build mode debug.",
        "description": "",
        "type": "log"
      },
      "body": {
        "pid": 11096,
        "tid": "Main Thread",
        "startTime": 13528085513900
      },
      "additional": {
        "logType": "debug",
        "children": []
      }
    },
    {
      "head": {
        "id": "d8eab1e0-a01b-4ed0-ace3-70c6ec703758",
        "name": "Picking option from product 'default' with build mode 'debug'.",
        "description": "",
        "type": "log"
      },
      "body": {
        "pid": 11096,
        "tid": "Main Thread",
        "startTime": 13528085734100
      },
      "additional": {
        "logType": "debug",
        "children": []
      }
    },
    {
      "head": {
        "id": "04440147-d200-4e37-853f-5d79ef3561c1",
        "name": "Product 'default' build option: {}",
        "description": "",
        "type": "log"
      },
      "body": {
        "pid": 11096,
        "tid": "Main Thread",
        "startTime": 13528086012500
      },
      "additional": {
        "logType": "debug",
        "children": []
      }
    },
    {
      "head": {
        "id": "889e5f98-6c89-41ee-9dac-6ad1b81ed32e",
        "name": "End initialize project's product build option map with build mode 'debug'.",
        "description": "",
        "type": "log"
      },
      "body": {
        "pid": 11096,
        "tid": "Main Thread",
        "startTime": 13528086175000
      },
      "additional": {
        "logType": "debug",
        "children": []
      }
    },
    {
      "head": {
        "id": "21a3a842-0193-4ca4-b055-a77b5e98edc6",
        "name": "Product 'default' using build option: {\n  \"debuggable\": true,\n  \"strictMode\": {\n    \"caseSensitiveCheck\": true,\n    \"useNormalizedOHMUrl\": true\n  }\n} in this build.",
        "description": "",
        "type": "log"
      },
      "body": {
        "pid": 11096,
        "tid": "Main Thread",
        "startTime": 13528088512800
      },
      "additional": {
        "logType": "debug",
        "children": []
      }
    },
    {
      "head": {
        "id": "ff869165-e402-442d-b20e-8896a9f68b8b",
        "name": "No signingConfig found, initRemoteHspCache failed.",
        "description": "",
        "type": "log"
      },
      "body": {
        "pid": 11096,
        "tid": "Main Thread",
        "startTime": 13528094154200
      },
      "additional": {
        "logType": "debug",
        "children": []
      }
    },
    {
      "head": {
        "id": "385b4411-9a26-4a37-b3f6-89c3f7192b74",
        "name": "Start recording SDK configuration permission data.",
        "description": "",
        "type": "log"
      },
      "body": {
        "pid": 11096,
        "tid": "Main Thread",
        "startTime": 13528112349300
      },
      "additional": {
        "logType": "debug",
        "children": []
      }
    },
    {
      "head": {
        "id": "05097fe6-a0b8-4b6d-bc95-512802149a63",
        "name": "Sdk init in 67 ms ",
        "description": "",
        "type": "log"
      },
      "body": {
        "pid": 11096,
        "tid": "Main Thread",
        "startTime": 13528163658300
      },
      "additional": {
        "logType": "debug",
        "children": []
      }
    },
    {
      "head": {
        "id": "9aa69312-255e-4098-9cf4-82b4d68db6b9",
        "name": "sdkVersion",
        "description": "5.0.0.71",
        "type": "mark"
      },
      "body": {
        "pid": 11096,
        "tid": "Main Thread",
        "startTime": 13528163934000
      },
      "additional": {
        "time": {
          "year": 2025,
          "month": 2,
          "day": 19,
          "hour": 12,
          "minute": 37
        },
        "markType": "other"
      }
    },
    {
      "head": {
        "id": "433248aa-3796-4032-ba0d-46e7ac6cd3cd",
        "name": "caseSensitiveCheckOn",
        "description": "caseSensitiveCheck check is on",
        "type": "mark"
      },
      "body": {
        "pid": 11096,
        "tid": "Main Thread",
        "startTime": 13528163966500
      },
      "additional": {
        "time": {
          "year": 2025,
          "month": 2,
          "day": 19,
          "hour": 12,
          "minute": 37
        },
        "markType": "other"
      }
    },
    {
      "head": {
        "id": "ebf12d5f-0b0c-4a14-90dd-7a621599b0c9",
        "name": ":clean",
        "description": "Clear the cache information.",
        "type": "duration"
      },
      "body": {
        "pid": 11096,
        "tid": "Main Thread",
        "startTime": 13528475315800,
        "endTime": 13528477588700
      },
      "additional": {
        "children": [],
        "state": "success",
        "targetName": "",
        "moduleName": "",
        "category": "Other",
        "taskRunReasons": [],
        "detailId": "a4f15c6c-b098-4bda-ad3b-f020c60d36f5",
        "logId": "3f7998b5-272a-4aa7-ad20-811837c16581"
      },
      "log": {
        "_logger": {
          "category": "DurationEvent",
          "context": {},
          "callStackSkipIndex": 0
        },
        "_filelogger": {
          "category": "debug-file",
          "context": {},
          "callStackSkipIndex": 0
        }
      }
    },
    {
      "head": {
        "id": "a4f15c6c-b098-4bda-ad3b-f020c60d36f5",
        "name": "create :clean task",
        "description": "",
        "type": "log"
      },
      "body": {
        "pid": 11096,
        "tid": "Main Thread",
        "startTime": 13528174738200
      },
      "additional": {
        "logType": "detail",
        "children": [],
        "durationId": "ebf12d5f-0b0c-4a14-90dd-7a621599b0c9"
      }
    },
    {
      "head": {
        "id": "602761b9-4196-4b5b-947f-df175690ec3d",
        "name": "Project task initialization takes 56 ms ",
        "description": "",
        "type": "log"
      },
      "body": {
        "pid": 11096,
        "tid": "Main Thread",
        "startTime": 13528222486900
      },
      "additional": {
        "logType": "debug",
        "children": []
      }
    },
    {
      "head": {
        "id": "d83ce8e3-e049-49af-8ef7-74b69478f4d8",
        "name": "hvigorfile, binding custom plugins []",
        "description": "",
        "type": "log"
      },
      "body": {
        "pid": 11096,
        "tid": "Main Thread",
        "startTime": 13528222750000
      },
      "additional": {
        "logType": "debug",
        "children": []
      }
    },
    {
      "head": {
        "id": "48b9ebc2-03b3-455c-b2b6-c98b922bf564",
        "name": "hvigorfile, no custom plugins were found in D:\\MyApplication3\\hvigorfile.ts",
        "description": "",
        "type": "log"
      },
      "body": {
        "pid": 11096,
        "tid": "Main Thread",
        "startTime": 13528222900800
      },
      "additional": {
        "logType": "debug",
        "children": []
      }
    },
    {
      "head": {
        "id": "cbbad164-aa45-4e46-9718-562d3064871c",
        "name": "hvigorfile, resolve finished D:\\MyApplication3\\hvigorfile.ts",
        "description": "",
        "type": "log"
      },
      "body": {
        "pid": 11096,
        "tid": "Main Thread",
        "startTime": 13528222983600
      },
      "additional": {
        "logType": "debug",
        "children": []
      }
    },
    {
      "head": {
        "id": "7568c2ca-aaa6-4e24-ad5d-ce7dac9a37e3",
        "name": "bind plugins",
        "description": "",
        "type": "log"
      },
      "body": {
        "pid": 11096,
        "tid": "Main Thread",
        "startTime": 13528069113600,
        "endTime": 13528223056000
      },
      "additional": {
        "logType": "info",
        "children": [],
        "durationId": "2af5176c-0674-4c03-8684-0fcf30bbe21b",
        "parent": "74bb5d1f-5bdc-4201-8ff6-d7f435e73fd7"
      }
    },
    {
      "head": {
        "id": "74bb5d1f-5bdc-4201-8ff6-d7f435e73fd7",
        "name": "eval hvigorfile",
        "description": "",
        "type": "log"
      },
      "body": {
        "pid": 11096,
        "tid": "Main Thread",
        "startTime": 13528062444400,
        "endTime": 13528223085300
      },
      "additional": {
        "logType": "info",
        "children": [
          "1568e41b-86ed-42c8-901c-41cd5c81cb7c",
          "7568c2ca-aaa6-4e24-ad5d-ce7dac9a37e3"
        ],
        "durationId": "2d94697a-5822-48ce-a6cf-129733791939",
        "parent": "ec51c51c-d254-413e-815b-f13ed784acd8"
      }
    },
    {
      "head": {
        "id": "c1d2a0d0-9f60-4460-b12a-aba216d1aaaa",
        "name": "\"afterNodeEvaluate\" hook function",
        "description": "",
        "type": "duration"
      },
      "body": {
        "pid": 11096,
        "tid": "Main Thread",
        "startTime": 13528224546900,
        "endTime": 13528224583200
      },
      "additional": {
        "children": [],
        "state": "success",
        "targetName": "",
        "moduleName": "",
        "category": "",
        "taskRunReasons": [],
        "parent": "4901ebf2-476b-42a9-9651-893735e47f5b",
        "logId": "213f6c0f-8138-4d55-aa2f-3b0147237d0d"
      },
      "log": {
        "_logger": {
          "category": "DurationEvent",
          "context": {},
          "callStackSkipIndex": 0
        },
        "_filelogger": {
          "category": "debug-file",
          "context": {},
          "callStackSkipIndex": 0
        }
      }
    },
    {
      "head": {
        "id": "213f6c0f-8138-4d55-aa2f-3b0147237d0d",
        "name": "\"afterNodeEvaluate\" hook function",
        "description": "",
        "type": "log"
      },
      "body": {
        "pid": 11096,
        "tid": "Main Thread",
        "startTime": 13528224546900,
        "endTime": 13528224583200
      },
      "additional": {
        "logType": "info",
        "children": [],
        "durationId": "c1d2a0d0-9f60-4460-b12a-aba216d1aaaa",
        "parent": "ec51c51c-d254-413e-815b-f13ed784acd8"
      }
    },
    {
      "head": {
        "id": "ec51c51c-d254-413e-815b-f13ed784acd8",
        "name": "eval project",
        "description": "",
        "type": "log"
      },
      "body": {
        "pid": 11096,
        "tid": "Main Thread",
        "startTime": 13528058621400,
        "endTime": 13528224611300
      },
      "additional": {
        "logType": "info",
        "children": [
          "7125865e-83e3-48df-9b4f-190388d888a1",
          "74bb5d1f-5bdc-4201-8ff6-d7f435e73fd7",
          "213f6c0f-8138-4d55-aa2f-3b0147237d0d"
        ],
        "durationId": "4901ebf2-476b-42a9-9651-893735e47f5b",
        "parent": "069fa7d1-6501-4024-9f1e-083d55b4ae57"
      }
    },
    {
      "head": {
        "id": "2024f527-651a-48aa-828a-3d59c57404b4",
        "name": "eval submodule",
        "description": "Evaluate submodule.",
        "type": "duration"
      },
      "body": {
        "pid": 11096,
        "tid": "Main Thread",
        "startTime": 13528226013700,
        "endTime": 13528267535500
      },
      "additional": {
        "children": [
          "a2529940-bd21-4808-a34a-588f76eeb281",
          "03b7d8ee-2264-4009-b351-37b662d8afbe",
          "11925309-3045-44dc-bf16-7804c1ff3c23"
        ],
        "state": "success",
        "targetName": "",
        "moduleName": "",
        "category": "",
        "taskRunReasons": [],
        "parent": "28d7bc2a-9605-4c56-b082-4b477a0dbbfc",
        "logId": "4740b44c-f6be-4020-8d5f-1ba152f2862a"
      },
      "log": {
        "_logger": {
          "category": "DurationEvent",
          "context": {},
          "callStackSkipIndex": 0
        },
        "_filelogger": {
          "category": "debug-file",
          "context": {},
          "callStackSkipIndex": 0
        }
      }
    },
    {
      "head": {
        "id": "a2529940-bd21-4808-a34a-588f76eeb281",
        "name": "\"beforeNodeEvaluate\" hook function",
        "description": "",
        "type": "duration"
      },
      "body": {
        "pid": 11096,
        "tid": "Main Thread",
        "startTime": 13528232024700,
        "endTime": 13528232066900
      },
      "additional": {
        "children": [],
        "state": "success",
        "targetName": "",
        "moduleName": "",
        "category": "",
        "taskRunReasons": [],
        "parent": "2024f527-651a-48aa-828a-3d59c57404b4",
        "logId": "fcb06f03-e4c5-4c31-bf05-42b49d8ae632"
      },
      "log": {
        "_logger": {
          "category": "DurationEvent",
          "context": {},
          "callStackSkipIndex": 0
        },
        "_filelogger": {
          "category": "debug-file",
          "context": {},
          "callStackSkipIndex": 0
        }
      }
    },
    {
      "head": {
        "id": "fcb06f03-e4c5-4c31-bf05-42b49d8ae632",
        "name": "\"beforeNodeEvaluate\" hook function",
        "description": "",
        "type": "log"
      },
      "body": {
        "pid": 11096,
        "tid": "Main Thread",
        "startTime": 13528232024700,
        "endTime": 13528232066900
      },
      "additional": {
        "logType": "info",
        "children": [],
        "durationId": "a2529940-bd21-4808-a34a-588f76eeb281",
        "parent": "4740b44c-f6be-4020-8d5f-1ba152f2862a"
      }
    },
    {
      "head": {
        "id": "03b7d8ee-2264-4009-b351-37b662d8afbe",
        "name": "eval hvigorfile",
        "description": "Evaluate hvigorfile.",
        "type": "duration"
      },
      "body": {
        "pid": 11096,
        "tid": "Main Thread",
        "startTime": 13528235497800,
        "endTime": 13528264834800
      },
      "additional": {
        "children": [
          "64cb921e-7b4c-47b8-8501-fd35639778a9",
          "4f07f32b-226b-454f-9aa4-f422d995808c"
        ],
        "state": "success",
        "targetName": "",
        "moduleName": "",
        "category": "",
        "taskRunReasons": [],
        "parent": "2024f527-651a-48aa-828a-3d59c57404b4",
        "logId": "665f4ffc-8ef9-4585-8b09-73e4ab5f7aab"
      },
      "log": {
        "_logger": {
          "category": "DurationEvent",
          "context": {},
          "callStackSkipIndex": 0
        },
        "_filelogger": {
          "category": "debug-file",
          "context": {},
          "callStackSkipIndex": 0
        }
      }
    },
    {
      "head": {
        "id": "64cb921e-7b4c-47b8-8501-fd35639778a9",
        "name": "require hvigorfile",
        "description": "Require hvigorfile.",
        "type": "duration"
      },
      "body": {
        "pid": 11096,
        "tid": "Main Thread",
        "startTime": 13528235501000,
        "endTime": 13528243156500
      },
      "additional": {
        "children": [],
        "state": "success",
        "targetName": "",
        "moduleName": "",
        "category": "",
        "taskRunReasons": [],
        "parent": "03b7d8ee-2264-4009-b351-37b662d8afbe",
        "logId": "4f86fc55-c9b8-4510-afb1-cbd84f299342"
      },
      "log": {
        "_logger": {
          "category": "DurationEvent",
          "context": {},
          "callStackSkipIndex": 0
        },
        "_filelogger": {
          "category": "debug-file",
          "context": {},
          "callStackSkipIndex": 0
        }
      }
    },
    {
      "head": {
        "id": "4f07f32b-226b-454f-9aa4-f422d995808c",
        "name": "bind plugins",
        "description": "Bind plugins.",
        "type": "duration"
      },
      "body": {
        "pid": 11096,
        "tid": "Main Thread",
        "startTime": 13528243196500,
        "endTime": 13528264807600
      },
      "additional": {
        "children": [],
        "state": "success",
        "targetName": "",
        "moduleName": "",
        "category": "",
        "taskRunReasons": [],
        "parent": "03b7d8ee-2264-4009-b351-37b662d8afbe",
        "logId": "e6045ff7-8cb2-49f4-b1f8-a364fd0b2e03"
      },
      "log": {
        "_logger": {
          "category": "DurationEvent",
          "context": {},
          "callStackSkipIndex": 0
        },
        "_filelogger": {
          "category": "debug-file",
          "context": {},
          "callStackSkipIndex": 0
        }
      }
    },
    {
      "head": {
        "id": "bd69de02-63bf-4aa9-a4f1-194be3b12aa7",
        "name": "hvigorfile, resolving D:\\MyApplication3\\entry\\hvigorfile.ts",
        "description": "",
        "type": "log"
      },
      "body": {
        "pid": 11096,
        "tid": "Main Thread",
        "startTime": 13528235509900
      },
      "additional": {
        "logType": "debug",
        "children": []
      }
    },
    {
      "head": {
        "id": "6d45caf2-7f21-4498-a228-5789bc08fb0d",
        "name": "hvigorfile, require result:  { default: { system: [Function: hapTasks], plugins: [] } }",
        "description": "",
        "type": "log"
      },
      "body": {
        "pid": 11096,
        "tid": "Main Thread",
        "startTime": 13528242839600
      },
      "additional": {
        "logType": "debug",
        "children": []
      }
    },
    {
      "head": {
        "id": "4f86fc55-c9b8-4510-afb1-cbd84f299342",
        "name": "require hvigorfile",
        "description": "",
        "type": "log"
      },
      "body": {
        "pid": 11096,
        "tid": "Main Thread",
        "startTime": 13528235501000,
        "endTime": 13528243156500
      },
      "additional": {
        "logType": "info",
        "children": [],
        "durationId": "64cb921e-7b4c-47b8-8501-fd35639778a9",
        "parent": "665f4ffc-8ef9-4585-8b09-73e4ab5f7aab"
      }
    },
    {
      "head": {
        "id": "963b78f8-be25-4fca-a52d-6bd62b0abecc",
        "name": "hvigorfile, binding system plugins [Function: hapTasks]",
        "description": "",
        "type": "log"
      },
      "body": {
        "pid": 11096,
        "tid": "Main Thread",
        "startTime": 13528243223000
      },
      "additional": {
        "logType": "debug",
        "children": []
      }
    },
    {
      "head": {
        "id": "60ae7ceb-fffe-4857-b8d2-4385c011339e",
        "name": "Start initialize module-target build option map, moduleName=entry, buildMode=debug",
        "description": "",
        "type": "log"
      },
      "body": {
        "pid": 11096,
        "tid": "Main Thread",
        "startTime": 13528255389600
      },
      "additional": {
        "logType": "debug",
        "children": []
      }
    },
    {
      "head": {
        "id": "47a3c6e7-b928-4b19-9f07-6d7e29442520",
        "name": "Target 'default' config: {}",
        "description": "",
        "type": "log"
      },
      "body": {
        "pid": 11096,
        "tid": "Main Thread",
        "startTime": 13528257272200
      },
      "additional": {
        "logType": "debug",
        "children": []
      }
    },
    {
      "head": {
        "id": "b9ef15d5-0d17-4ab5-9f4b-6b59407ae416",
        "name": "Target 'ohosTest' config: {}",
        "description": "",
        "type": "log"
      },
      "body": {
        "pid": 11096,
        "tid": "Main Thread",
        "startTime": 13528257981200
      },
      "additional": {
        "logType": "debug",
        "children": []
      }
    },
    {
      "head": {
        "id": "9543dc41-094e-4ea1-9978-f902c0454c98",
        "name": "Module 'entry' target 'default' build option: {\n  \"debuggable\": true,\n  \"copyFrom\": \"default\",\n  \"strictMode\": {\n    \"caseSensitiveCheck\": true,\n    \"useNormalizedOHMUrl\": true\n  },\n  \"name\": \"debug\"\n}",
        "description": "",
        "type": "log"
      },
      "body": {
        "pid": 11096,
        "tid": "Main Thread",
        "startTime": 13528258549800
      },
      "additional": {
        "logType": "debug",
        "children": []
      }
    },
    {
      "head": {
        "id": "4aca7e95-58a6-45b4-a8cb-63a6d621c766",
        "name": "Module 'entry' target 'ohosTest' build option: {\n  \"debuggable\": true,\n  \"strictMode\": {\n    \"caseSensitiveCheck\": true,\n    \"useNormalizedOHMUrl\": true\n  },\n  \"name\": \"default\"\n}",
        "description": "",
        "type": "log"
      },
      "body": {
        "pid": 11096,
        "tid": "Main Thread",
        "startTime": 13528258704700
      },
      "additional": {
        "logType": "debug",
        "children": []
      }
    },
    {
      "head": {
        "id": "119e7a9d-823d-49be-adb3-58deebf861cc",
        "name": "End initialize module-target build option map, moduleName=entry",
        "description": "",
        "type": "log"
      },
      "body": {
        "pid": 11096,
        "tid": "Main Thread",
        "startTime": 13528258803900
      },
      "additional": {
        "logType": "debug",
        "children": []
      }
    },
    {
      "head": {
        "id": "193e8790-d7dc-4e88-aa21-f1cc67338056",
        "name": "Module 'entry' target 'default' using build option: {\n  \"debuggable\": true,\n  \"copyFrom\": \"default\",\n  \"strictMode\": {\n    \"caseSensitiveCheck\": true,\n    \"useNormalizedOHMUrl\": true\n  },\n  \"name\": \"debug\"\n} in this build.",
        "description": "",
        "type": "log"
      },
      "body": {
        "pid": 11096,
        "tid": "Main Thread",
        "startTime": 13528258891200
      },
      "additional": {
        "logType": "debug",
        "children": []
      }
    },
    {
      "head": {
        "id": "bbd53e80-1f2f-4273-a6f1-72774f2a3a10",
        "name": "Module entry task initialization takes 2 ms ",
        "description": "",
        "type": "log"
      },
      "body": {
        "pid": 11096,
        "tid": "Main Thread",
        "startTime": 13528264267800
      },
      "additional": {
        "logType": "debug",
        "children": []
      }
    },
    {
      "head": {
        "id": "5a61a676-9bd7-4ba3-aaba-78da1c2c8cc2",
        "name": "hvigorfile, binding custom plugins []",
        "description": "",
        "type": "log"
      },
      "body": {
        "pid": 11096,
        "tid": "Main Thread",
        "startTime": 13528264554100
      },
      "additional": {
        "logType": "debug",
        "children": []
      }
    },
    {
      "head": {
        "id": "6f7b5d7f-4389-451f-99c3-d725772a85a9",
        "name": "hvigorfile, no custom plugins were found in D:\\MyApplication3\\entry\\hvigorfile.ts",
        "description": "",
        "type": "log"
      },
      "body": {
        "pid": 11096,
        "tid": "Main Thread",
        "startTime": 13528264660200
      },
      "additional": {
        "logType": "debug",
        "children": []
      }
    },
    {
      "head": {
        "id": "9eacee10-6516-4421-9599-2c262b568661",
        "name": "hvigorfile, resolve finished D:\\MyApplication3\\entry\\hvigorfile.ts",
        "description": "",
        "type": "log"
      },
      "body": {
        "pid": 11096,
        "tid": "Main Thread",
        "startTime": 13528264736700
      },
      "additional": {
        "logType": "debug",
        "children": []
      }
    },
    {
      "head": {
        "id": "e6045ff7-8cb2-49f4-b1f8-a364fd0b2e03",
        "name": "bind plugins",
        "description": "",
        "type": "log"
      },
      "body": {
        "pid": 11096,
        "tid": "Main Thread",
        "startTime": 13528243196500,
        "endTime": 13528264807600
      },
      "additional": {
        "logType": "info",
        "children": [],
        "durationId": "4f07f32b-226b-454f-9aa4-f422d995808c",
        "parent": "665f4ffc-8ef9-4585-8b09-73e4ab5f7aab"
      }
    },
    {
      "head": {
        "id": "665f4ffc-8ef9-4585-8b09-73e4ab5f7aab",
        "name": "eval hvigorfile",
        "description": "",
        "type": "log"
      },
      "body": {
        "pid": 11096,
        "tid": "Main Thread",
        "startTime": 13528235497800,
        "endTime": 13528264834800
      },
      "additional": {
        "logType": "info",
        "children": [
          "4f86fc55-c9b8-4510-afb1-cbd84f299342",
          "e6045ff7-8cb2-49f4-b1f8-a364fd0b2e03"
        ],
        "durationId": "03b7d8ee-2264-4009-b351-37b662d8afbe",
        "parent": "4740b44c-f6be-4020-8d5f-1ba152f2862a"
      }
    },
    {
      "head": {
        "id": "11925309-3045-44dc-bf16-7804c1ff3c23",
        "name": "\"afterNodeEvaluate\" hook function",
        "description": "",
        "type": "duration"
      },
      "body": {
        "pid": 11096,
        "tid": "Main Thread",
        "startTime": 13528267469900,
        "endTime": 13528267504700
      },
      "additional": {
        "children": [],
        "state": "success",
        "targetName": "",
        "moduleName": "",
        "category": "",
        "taskRunReasons": [],
        "parent": "2024f527-651a-48aa-828a-3d59c57404b4",
        "logId": "6e2ee07f-45d5-498a-8747-d0445ae84283"
      },
      "log": {
        "_logger": {
          "category": "DurationEvent",
          "context": {},
          "callStackSkipIndex": 0
        },
        "_filelogger": {
          "category": "debug-file",
          "context": {},
          "callStackSkipIndex": 0
        }
      }
    },
    {
      "head": {
        "id": "6e2ee07f-45d5-498a-8747-d0445ae84283",
        "name": "\"afterNodeEvaluate\" hook function",
        "description": "",
        "type": "log"
      },
      "body": {
        "pid": 11096,
        "tid": "Main Thread",
        "startTime": 13528267469900,
        "endTime": 13528267504700
      },
      "additional": {
        "logType": "info",
        "children": [],
        "durationId": "11925309-3045-44dc-bf16-7804c1ff3c23",
        "parent": "4740b44c-f6be-4020-8d5f-1ba152f2862a"
      }
    },
    {
      "head": {
        "id": "4740b44c-f6be-4020-8d5f-1ba152f2862a",
        "name": "eval submodule",
        "description": "",
        "type": "log"
      },
      "body": {
        "pid": 11096,
        "tid": "Main Thread",
        "startTime": 13528226013700,
        "endTime": 13528267535500
      },
      "additional": {
        "logType": "info",
        "children": [
          "fcb06f03-e4c5-4c31-bf05-42b49d8ae632",
          "665f4ffc-8ef9-4585-8b09-73e4ab5f7aab",
          "6e2ee07f-45d5-498a-8747-d0445ae84283"
        ],
        "durationId": "2024f527-651a-48aa-828a-3d59c57404b4",
        "parent": "9767e1e1-8f12-4bb3-999f-c93d3117720b"
      }
    },
    {
      "head": {
        "id": "9767e1e1-8f12-4bb3-999f-c93d3117720b",
        "name": "eval modules",
        "description": "",
        "type": "log"
      },
      "body": {
        "pid": 11096,
        "tid": "Main Thread",
        "startTime": 13528224644800,
        "endTime": 13528267563500
      },
      "additional": {
        "logType": "info",
        "children": [
          "4740b44c-f6be-4020-8d5f-1ba152f2862a"
        ],
        "durationId": "28d7bc2a-9605-4c56-b082-4b477a0dbbfc",
        "parent": "069fa7d1-6501-4024-9f1e-083d55b4ae57"
      }
    },
    {
      "head": {
        "id": "14696031-3221-4f6f-a791-2dea3e9b543a",
        "name": "watch files: [\n  'D:\\\\MyApplication3\\\\hvigorfile.ts',\n  'D:\\\\MyApplication3\\\\entry\\\\hvigorfile.ts'\n]",
        "description": "",
        "type": "log"
      },
      "body": {
        "pid": 11096,
        "tid": "Main Thread",
        "startTime": 13528297969000
      },
      "additional": {
        "logType": "debug",
        "children": []
      }
    },
    {
      "head": {
        "id": "caa89918-f229-4390-adcd-da5bc3df13ad",
        "name": "hvigorfile, resolve hvigorfile dependencies in 31 ms ",
        "description": "",
        "type": "log"
      },
      "body": {
        "pid": 11096,
        "tid": "Main Thread",
        "startTime": 13528298601500
      },
      "additional": {
        "logType": "debug",
        "children": []
      }
    },
    {
      "head": {
        "id": "88b8349a-e38b-4fc0-959c-d9b7bf67d8f7",
        "name": "add config dependencies",
        "description": "",
        "type": "log"
      },
      "body": {
        "pid": 11096,
        "tid": "Main Thread",
        "startTime": 13528267579400,
        "endTime": 13528298742200
      },
      "additional": {
        "logType": "info",
        "children": [],
        "durationId": "f28b7168-dd3b-4fcc-b0b1-52e15e6369a6",
        "parent": "069fa7d1-6501-4024-9f1e-083d55b4ae57"
      }
    },
    {
      "head": {
        "id": "454bc113-17a5-4a0b-9579-b47541054b7c",
        "name": "\"nodesEvaluated\" hook function",
        "description": "",
        "type": "duration"
      },
      "body": {
        "pid": 11096,
        "tid": "Main Thread",
        "startTime": 13528300370300,
        "endTime": 13528300845300
      },
      "additional": {
        "children": [],
        "state": "success",
        "targetName": "",
        "moduleName": "",
        "category": "",
        "taskRunReasons": [],
        "parent": "2edfff78-52cf-4778-8c32-66e8c2c03810",
        "logId": "6a2e91d1-b48c-44af-945a-3db9f2b84982"
      },
      "log": {
        "_logger": {
          "category": "DurationEvent",
          "context": {},
          "callStackSkipIndex": 0
        },
        "_filelogger": {
          "category": "debug-file",
          "context": {},
          "callStackSkipIndex": 0
        }
      }
    },
    {
      "head": {
        "id": "092ae99f-f2fe-405e-ac28-9facdb00c10d",
        "name": "project has submodules:entry",
        "description": "",
        "type": "log"
      },
      "body": {
        "pid": 11096,
        "tid": "Main Thread",
        "startTime": 13528300423800
      },
      "additional": {
        "logType": "debug",
        "children": []
      }
    },
    {
      "head": {
        "id": "6a2e91d1-b48c-44af-945a-3db9f2b84982",
        "name": "\"nodesEvaluated\" hook function",
        "description": "",
        "type": "log"
      },
      "body": {
        "pid": 11096,
        "tid": "Main Thread",
        "startTime": 13528300370300,
        "endTime": 13528300845300
      },
      "additional": {
        "logType": "info",
        "children": [],
        "durationId": "454bc113-17a5-4a0b-9579-b47541054b7c",
        "parent": "069fa7d1-6501-4024-9f1e-083d55b4ae57"
      }
    },
    {
      "head": {
        "id": "e9672108-8d5b-4fcb-9d7b-42e973f842bb",
        "name": "Module MyApplication3 Collected Dependency: ",
        "description": "",
        "type": "log"
      },
      "body": {
        "pid": 11096,
        "tid": "Main Thread",
        "startTime": 13528309009500
      },
      "additional": {
        "logType": "debug",
        "children": []
      }
    },
    {
      "head": {
        "id": "ecfa8b60-8860-4cad-ae8d-bcf23559e062",
        "name": "Module MyApplication3's total dependency: 0",
        "description": "",
        "type": "log"
      },
      "body": {
        "pid": 11096,
        "tid": "Main Thread",
        "startTime": 13528309324000
      },
      "additional": {
        "logType": "debug",
        "children": []
      }
    },
    {
      "head": {
        "id": "6a9a609d-055e-463d-917e-98008813d0ab",
        "name": "Module entry Collected Dependency: ",
        "description": "",
        "type": "log"
      },
      "body": {
        "pid": 11096,
        "tid": "Main Thread",
        "startTime": 13528312936800
      },
      "additional": {
        "logType": "debug",
        "children": []
      }
    },
    {
      "head": {
        "id": "acc554ab-daad-4356-a8e4-222dbd8ebd01",
        "name": "Module entry's total dependency: 0",
        "description": "",
        "type": "log"
      },
      "body": {
        "pid": 11096,
        "tid": "Main Thread",
        "startTime": 13528313208900
      },
      "additional": {
        "logType": "debug",
        "children": []
      }
    },
    {
      "head": {
        "id": "9e3d0e29-35a9-4421-aaca-2c1d5c76c3f7",
        "name": "Configuration phase cost:266 ms ",
        "description": "",
        "type": "log"
      },
      "body": {
        "pid": 11096,
        "tid": "Main Thread",
        "startTime": 13528318220600
      },
      "additional": {
        "logType": "debug",
        "children": []
      }
    },
    {
      "head": {
        "id": "a4d609f4-12dc-4eae-9ea6-c9138fbfe40e",
        "name": "fin configuration",
        "description": "",
        "type": "log"
      },
      "body": {
        "pid": 11096,
        "tid": "Main Thread",
        "startTime": 13528318157600,
        "endTime": 13528318464500
      },
      "additional": {
        "logType": "info",
        "children": [],
        "durationId": "05b0d860-e010-49df-b443-24d5c4dcd065",
        "parent": "069fa7d1-6501-4024-9f1e-083d55b4ae57"
      }
    },
    {
      "head": {
        "id": "069fa7d1-6501-4024-9f1e-083d55b4ae57",
        "name": "configure hvigor plugin",
        "description": "",
        "type": "log"
      },
      "body": {
        "pid": 11096,
        "tid": "Main Thread",
        "startTime": 13528044626000,
        "endTime": 13528318582700
      },
      "additional": {
        "logType": "info",
        "children": [
          "b9c14af8-cd24-4c3c-8a1c-2a5f96155d29",
          "1c4deb23-1a63-4b1b-be59-2dcca945d9f4",
          "ec51c51c-d254-413e-815b-f13ed784acd8",
          "9767e1e1-8f12-4bb3-999f-c93d3117720b",
          "88b8349a-e38b-4fc0-959c-d9b7bf67d8f7",
          "a4d609f4-12dc-4eae-9ea6-c9138fbfe40e",
          "6a2e91d1-b48c-44af-945a-3db9f2b84982"
        ],
        "durationId": "2edfff78-52cf-4778-8c32-66e8c2c03810",
        "parent": "8aac8f64-c8ea-4da1-b353-c309a52f104f"
      }
    },
    {
      "head": {
        "id": "7634efde-2083-49a4-9820-1a58c2251ca7",
        "name": "\"taskGraphResolved\" hook function",
        "description": "",
        "type": "duration"
      },
      "body": {
        "pid": 11096,
        "tid": "Main Thread",
        "startTime": 13528321832100,
        "endTime": 13528321886900
      },
      "additional": {
        "children": [],
        "state": "success",
        "targetName": "",
        "moduleName": "",
        "category": "",
        "taskRunReasons": [],
        "parent": "b9bbc96a-8fda-459c-8fe6-fa35c145a655",
        "logId": "0d977d5d-9157-4dde-9928-8f129780bba5"
      },
      "log": {
        "_logger": {
          "category": "DurationEvent",
          "context": {},
          "callStackSkipIndex": 0
        },
        "_filelogger": {
          "category": "debug-file",
          "context": {},
          "callStackSkipIndex": 0
        }
      }
    },
    {
      "head": {
        "id": "0d977d5d-9157-4dde-9928-8f129780bba5",
        "name": "\"taskGraphResolved\" hook function",
        "description": "",
        "type": "log"
      },
      "body": {
        "pid": 11096,
        "tid": "Main Thread",
        "startTime": 13528321832100,
        "endTime": 13528321886900
      },
      "additional": {
        "logType": "info",
        "children": [],
        "durationId": "7634efde-2083-49a4-9820-1a58c2251ca7",
        "parent": "8aac8f64-c8ea-4da1-b353-c309a52f104f"
      }
    },
    {
      "head": {
        "id": "04f68d56-5c50-49a6-8c74-ee04ac2c1028",
        "name": "build task graph",
        "description": "",
        "type": "log"
      },
      "body": {
        "pid": 11096,
        "tid": "Main Thread",
        "startTime": 13528318641600,
        "endTime": 13528321926800
      },
      "additional": {
        "logType": "info",
        "children": [],
        "durationId": "86542412-1362-49a4-8180-fa242ca55475",
        "parent": "8aac8f64-c8ea-4da1-b353-c309a52f104f"
      }
    },
    {
      "head": {
        "id": "14160c35-7164-4c86-a5ae-88bbc19767ca",
        "name": "init task execution option",
        "description": "",
        "type": "log"
      },
      "body": {
        "pid": 11096,
        "tid": "Main Thread",
        "startTime": 13528321943000,
        "endTime": 13528321947200
      },
      "additional": {
        "logType": "info",
        "children": [],
        "durationId": "dcb5016d-d146-4fba-b092-565cb68e8127",
        "parent": "8aac8f64-c8ea-4da1-b353-c309a52f104f"
      }
    },
    {
      "head": {
        "id": "8aac8f64-c8ea-4da1-b353-c309a52f104f",
        "name": "init",
        "description": "",
        "type": "log"
      },
      "body": {
        "pid": 11096,
        "tid": "Main Thread",
        "startTime": 13528026667000,
        "endTime": 13528321954300
      },
      "additional": {
        "logType": "info",
        "children": [
          "46d76787-c51b-4378-a6f7-54963fb6cdb3",
          "069fa7d1-6501-4024-9f1e-083d55b4ae57",
          "04f68d56-5c50-49a6-8c74-ee04ac2c1028",
          "14160c35-7164-4c86-a5ae-88bbc19767ca",
          "2f0d7bd9-1445-49b9-9cd0-3c76843718d9",
          "7ffa8e4a-cdeb-4903-b40f-449ec22bb36a",
          "0d977d5d-9157-4dde-9928-8f129780bba5"
        ],
        "durationId": "b9bbc96a-8fda-459c-8fe6-fa35c145a655"
      }
    },
    {
      "head": {
        "id": "3c069eb2-7bc2-4e3e-9130-7706c3581a90",
        "name": "Configuration task cost before running: 301 ms ",
        "description": "",
        "type": "log"
      },
      "body": {
        "pid": 11096,
        "tid": "Main Thread",
        "startTime": 13528322387800
      },
      "additional": {
        "logType": "debug",
        "children": []
      }
    },
    {
      "head": {
        "id": "7a0a2dcf-2e0c-4002-8d9d-b8133a79ef5c",
        "name": "entry:clean",
        "description": "Clear the cache information.",
        "type": "duration"
      },
      "body": {
        "pid": 11096,
        "tid": "Main Thread",
        "startTime": 13528328813400,
        "endTime": 13528474743600
      },
      "additional": {
        "children": [],
        "state": "success",
        "targetName": "",
        "moduleName": "entry",
        "category": "Other",
        "taskRunReasons": [],
        "detailId": "02f06bab-1b50-4cb5-811a-b75d8fb76cb3",
        "logId": "a453f551-c7c8-4c9e-8bd1-f4829fd7aa2f"
      },
      "log": {
        "_logger": {
          "category": "DurationEvent",
          "context": {},
          "callStackSkipIndex": 0
        },
        "_filelogger": {
          "category": "debug-file",
          "context": {},
          "callStackSkipIndex": 0
        }
      }
    },
    {
      "head": {
        "id": "02f06bab-1b50-4cb5-811a-b75d8fb76cb3",
        "name": "create entry:clean task",
        "description": "",
        "type": "log"
      },
      "body": {
        "pid": 11096,
        "tid": "Main Thread",
        "startTime": 13528326887500
      },
      "additional": {
        "logType": "detail",
        "children": [],
        "durationId": "7a0a2dcf-2e0c-4002-8d9d-b8133a79ef5c"
      }
    },
    {
      "head": {
        "id": "59b21462-a0d2-4f68-aa9c-833fdd71dac4",
        "name": "Executing task :entry:clean",
        "description": "",
        "type": "log"
      },
      "body": {
        "pid": 11096,
        "tid": "Main Thread",
        "startTime": 13528328844000
      },
      "additional": {
        "logType": "debug",
        "children": []
      }
    },
    {
      "head": {
        "id": "56e1f050-a91c-40a1-a79c-60a04484418b",
        "name": "clean: Start terminating worker pool.",
        "description": "",
        "type": "log"
      },
      "body": {
        "pid": 11096,
        "tid": "Main Thread",
        "startTime": 13528329198700
      },
      "additional": {
        "logType": "debug",
        "children": []
      }
    },
    {
      "head": {
        "id": "cbb5c996-c54c-4c7d-91ed-3ecf37d2f1fa",
        "name": "Current worker pool is stopped or closed.",
        "description": "",
        "type": "log"
      },
      "body": {
        "pid": 11096,
        "tid": "Main Thread",
        "startTime": 13528329619900
      },
      "additional": {
        "logType": "debug",
        "children": []
      }
    },
    {
      "head": {
        "id": "bd72f513-d69d-472f-afc5-53545e05ac5e",
        "name": "Clear worker 0.",
        "description": "",
        "type": "log"
      },
      "body": {
        "pid": 11096,
        "tid": "Main Thread",
        "startTime": 13528329986400
      },
      "additional": {
        "logType": "debug",
        "children": []
      }
    },
    {
      "head": {
        "id": "550e2f27-5f13-4109-9eea-d35c42ad3fc1",
        "name": "Worker 0 has been cleared.",
        "description": "",
        "type": "log"
      },
      "body": {
        "pid": 11096,
        "tid": "Main Thread",
        "startTime": 13528330408000
      },
      "additional": {
        "logType": "debug",
        "children": []
      }
    },
    {
      "head": {
        "id": "893e8f9c-5f36-415b-b53e-cbf107524b93",
        "name": "Current idle worker size: 0.",
        "description": "",
        "type": "log"
      },
      "body": {
        "pid": 11096,
        "tid": "Main Thread",
        "startTime": 13528330587100
      },
      "additional": {
        "logType": "debug",
        "children": []
      }
    },
    {
      "head": {
        "id": "27e34c97-2342-403d-abbb-9846fa788f0d",
        "name": "Current busy worker size: 0.",
        "description": "",
        "type": "log"
      },
      "body": {
        "pid": 11096,
        "tid": "Main Thread",
        "startTime": 13528330672000
      },
      "additional": {
        "logType": "debug",
        "children": []
      }
    },
    {
      "head": {
        "id": "d31b8ae3-5da6-4625-8217-844d8dff5285",
        "name": "Current worker pool is terminated.",
        "description": "",
        "type": "log"
      },
      "body": {
        "pid": 11096,
        "tid": "Main Thread",
        "startTime": 13528330778900
      },
      "additional": {
        "logType": "debug",
        "children": []
      }
    },
    {
      "head": {
        "id": "786890d6-a661-40d5-b1c4-6c36548c7724",
        "name": "clean: Terminating worker pool finished.",
        "description": "",
        "type": "log"
      },
      "body": {
        "pid": 11096,
        "tid": "Main Thread",
        "startTime": 13528330857500
      },
      "additional": {
        "logType": "debug",
        "children": []
      }
    },
    {
      "head": {
        "id": "5666e430-43e0-45cc-8b15-9706502b138b",
        "name": "entry : clean cost memory -0.347015380859375",
        "description": "",
        "type": "log"
      },
      "body": {
        "pid": 11096,
        "tid": "Main Thread",
        "startTime": 13528474076000
      },
      "additional": {
        "logType": "debug",
        "children": []
      }
    },
    {
      "head": {
        "id": "5b34bf63-daf1-4a99-b1f1-a769daa58ae3",
        "name": "runTaskFromQueue task cost before running: 453 ms ",
        "description": "",
        "type": "log"
      },
      "body": {
        "pid": 11096,
        "tid": "Main Thread",
        "startTime": 13528474520200
      },
      "additional": {
        "logType": "debug",
        "children": []
      }
    },
    {
      "head": {
        "id": "a453f551-c7c8-4c9e-8bd1-f4829fd7aa2f",
        "name": "Finished :entry:clean",
        "description": "Clear the cache information.",
        "type": "log"
      },
      "body": {
        "pid": 11096,
        "tid": "Main Thread",
        "startTime": 13528328813400,
        "endTime": 13528474743600,
        "totalTime": 145636600
      },
      "additional": {
        "logType": "info",
        "children": [],
        "durationId": "7a0a2dcf-2e0c-4002-8d9d-b8133a79ef5c"
      }
    },
    {
      "head": {
        "id": "78c61271-4fe7-4936-aaff-0d584e179429",
        "name": "Executing task ::clean",
        "description": "",
        "type": "log"
      },
      "body": {
        "pid": 11096,
        "tid": "Main Thread",
        "startTime": 13528475330500
      },
      "additional": {
        "logType": "debug",
        "children": []
      }
    },
    {
      "head": {
        "id": "51ba3715-dcbb-4b7b-afd4-ace1e5bca8ac",
        "name": "clean: Worker pool is inactive.",
        "description": "",
        "type": "log"
      },
      "body": {
        "pid": 11096,
        "tid": "Main Thread",
        "startTime": 13528475503000
      },
      "additional": {
        "logType": "debug",
        "children": []
      }
    },
    {
      "head": {
        "id": "68c875ac-d5b6-4c55-96f2-3b32bf7876ea",
        "name": "MyApplication3 : clean cost memory 0.0337677001953125",
        "description": "",
        "type": "log"
      },
      "body": {
        "pid": 11096,
        "tid": "Main Thread",
        "startTime": 13528477165800
      },
      "additional": {
        "logType": "debug",
        "children": []
      }
    },
    {
      "head": {
        "id": "d4aedabf-ae93-464e-8d17-c55364346686",
        "name": "runTaskFromQueue task cost before running: 456 ms ",
        "description": "",
        "type": "log"
      },
      "body": {
        "pid": 11096,
        "tid": "Main Thread",
        "startTime": 13528477446800
      },
      "additional": {
        "logType": "debug",
        "children": []
      }
    },
    {
      "head": {
        "id": "3f7998b5-272a-4aa7-ad20-811837c16581",
        "name": "Finished ::clean",
        "description": "Clear the cache information.",
        "type": "log"
      },
      "body": {
        "pid": 11096,
        "tid": "Main Thread",
        "startTime": 13528475315800,
        "endTime": 13528477588700,
        "totalTime": 2086300
      },
      "additional": {
        "logType": "info",
        "children": [],
        "durationId": "ebf12d5f-0b0c-4a14-90dd-7a621599b0c9"
      }
    },
    {
      "head": {
        "id": "b47bdac5-8f43-487d-b3cb-9c978846ceb9",
        "name": "\"buildFinished\" hook function",
        "description": "",
        "type": "duration"
      },
      "body": {
        "pid": 11096,
        "tid": "Main Thread",
        "startTime": 13528501534900,
        "endTime": 13528501600000
      },
      "additional": {
        "children": [],
        "state": "success",
        "targetName": "",
        "moduleName": "",
        "category": "",
        "taskRunReasons": [],
        "parent": "f9815a82-eb3d-40c5-9f2e-ff522d7c1866",
        "logId": "8e05e4d9-5f9a-4874-876d-4dd09472f60e"
      },
      "log": {
        "_logger": {
          "category": "DurationEvent",
          "context": {},
          "callStackSkipIndex": 0
        },
        "_filelogger": {
          "category": "debug-file",
          "context": {},
          "callStackSkipIndex": 0
        }
      }
    },
    {
      "head": {
        "id": "8e05e4d9-5f9a-4874-876d-4dd09472f60e",
        "name": "\"buildFinished\" hook function",
        "description": "",
        "type": "log"
      },
      "body": {
        "pid": 11096,
        "tid": "Main Thread",
        "startTime": 13528501534900,
        "endTime": 13528501600000
      },
      "additional": {
        "logType": "info",
        "children": [],
        "durationId": "b47bdac5-8f43-487d-b3cb-9c978846ceb9"
      }
    },
    {
      "head": {
        "id": "5b9b4e89-a935-409e-af88-4d2d0499defa",
        "name": "BUILD SUCCESSFUL in 480 ms ",
        "description": "",
        "type": "log"
      },
      "body": {
        "pid": 11096,
        "tid": "Main Thread",
        "startTime": 13528501723800
      },
      "additional": {
        "logType": "info",
        "children": []
      }
    },
    {
      "head": {
        "id": "a9071680-5bb2-42d4-a60e-df4a5fd00c6b",
        "name": "clean",
        "description": "",
        "type": "mark"
      },
      "body": {
        "pid": 11096,
        "tid": "Main Thread",
        "startTime": 13528021948400,
        "endTime": 13528502374300
      },
      "additional": {
        "time": {
          "year": 2025,
          "month": 2,
          "day": 19,
          "hour": 12,
          "minute": 37
        },
        "completeCommand": "{\"completeCommand\":\"-p product=default clean --analyze=normal --parallel --incremental --daemon\",\"parallel\":true,\"prop\":[\"product=default\"],\"incremental\":true,\"_\":[\"clean\"],\"daemon\":true,\"analyze\":\"normal\"};-p product=default clean --analyze=normal --parallel --incremental --daemon",
        "hvigorVersion": "5.8.9",
        "markType": "history",
        "nodeVersion": "v18.20.1",
        "category": "clean",
        "state": "success"
      }
    }
  ],
  "workLog": []
}