{
  "version": "2.0",
  "ppid": 14724,
  "events": [
    {
      "head": {
        "id": "55cb8f6a-c28c-466c-aa46-3a57a5a22207",
        "name": "hvigor build process will be closed.",
        "description": "",
        "type": "log"
      },
      "body": {
        "pid": 11096,
        "tid": "Main Thread",
        "startTime": 13561773624200
      },
      "additional": {
        "logType": "debug",
        "children": []
      }
    },
    {
      "head": {
        "id": "73028705-e3e9-4cd7-ac5a-6b6c9c6cb77c",
        "name": "watch worker: worker id should be larger than 0. Nothing will be sent to any worker thread.",
        "description": "",
        "type": "log"
      },
      "body": {
        "pid": 11096,
        "tid": "Main Thread",
        "startTime": 13561784937700
      },
      "additional": {
        "logType": "debug",
        "children": []
      }
    },
    {
      "head": {
        "id": "1626d720-186d-47a8-9a9d-405f61fcc029",
        "name": "watch worker: worker id should be larger than 0. Nothing will be sent to any worker thread.",
        "description": "",
        "type": "log"
      },
      "body": {
        "pid": 11096,
        "tid": "Main Thread",
        "startTime": 13561785896400
      },
      "additional": {
        "logType": "debug",
        "children": []
      }
    },
    {
      "head": {
        "id": "f95b494a-3df2-4214-a05f-3cbdf06ba5e9",
        "name": "watch worker: worker id should be larger than 0. Nothing will be sent to any worker thread.",
        "description": "",
        "type": "log"
      },
      "body": {
        "pid": 11096,
        "tid": "Main Thread",
        "startTime": 13800841092300
      },
      "additional": {
        "logType": "debug",
        "children": []
      }
    },
    {
      "head": {
        "id": "2e00186d-fa89-4cab-a905-13cdb52d9c5d",
        "name": "init",
        "description": "Initialize and build task graph.",
        "type": "duration"
      },
      "body": {
        "pid": 11096,
        "tid": "Main Thread",
        "startTime": 13800851383600,
        "endTime": 13801137759700
      },
      "additional": {
        "children": [
          "5dbda245-7ad9-44d9-b080-0e7c9b493341",
          "bde84d21-4067-4e5a-8cd4-c62ca7823528",
          "c2e774b8-720b-44a7-9bd1-1c507b0e39c1",
          "a2e83e30-ed20-4b66-961b-3ef1ccca1f24",
          "9c401720-b79b-4d47-a0b4-a00c87b4c5e3",
          "925a1945-bfa7-43d4-bf01-c0bd3b063a6a",
          "3e42b11e-3256-49d5-8cc9-52ea0c5253a4"
        ],
        "state": "success",
        "targetName": "",
        "moduleName": "",
        "category": "Init",
        "taskRunReasons": [],
        "logId": "f9f96ab0-54bf-40b9-af8b-af42f0240e1b"
      },
      "log": {
        "_logger": {
          "category": "DurationEvent",
          "context": {},
          "callStackSkipIndex": 0
        },
        "_filelogger": {
          "category": "debug-file",
          "context": {},
          "callStackSkipIndex": 0
        }
      }
    },
    {
      "head": {
        "id": "5dbda245-7ad9-44d9-b080-0e7c9b493341",
        "name": "create hvigor project model",
        "description": "Initialize hvigor project model.",
        "type": "duration"
      },
      "body": {
        "pid": 11096,
        "tid": "Main Thread",
        "startTime": 13800851386500,
        "endTime": 13800871749500
      },
      "additional": {
        "children": [],
        "state": "success",
        "targetName": "",
        "moduleName": "",
        "category": "",
        "taskRunReasons": [],
        "parent": "2e00186d-fa89-4cab-a905-13cdb52d9c5d",
        "logId": "b025d949-1558-41dd-8ed9-d1ea46c1d770"
      },
      "log": {
        "_logger": {
          "category": "DurationEvent",
          "context": {},
          "callStackSkipIndex": 0
        },
        "_filelogger": {
          "category": "debug-file",
          "context": {},
          "callStackSkipIndex": 0
        }
      }
    },
    {
      "head": {
        "id": "bde84d21-4067-4e5a-8cd4-c62ca7823528",
        "name": "configure hvigor plugin",
        "description": "Configure hvigor plugin.",
        "type": "duration"
      },
      "body": {
        "pid": 11096,
        "tid": "Main Thread",
        "startTime": 13800871776800,
        "endTime": 13801135724500
      },
      "additional": {
        "children": [
          "9df4402a-1012-461a-9b37-89dfa1fe589b",
          "a389617a-e090-4b89-8e68-6408f4a052f3",
          "7f1a19dc-a9d2-49e3-bbbc-d304c987bb91",
          "b5e79cbc-eef9-4578-b0fd-5094959a3b5d",
          "1c93db70-8ba0-4728-aafb-1d55f8685eb9",
          "c97715d3-db26-429e-9569-4dd7d2e77fc4",
          "474ddf23-7346-4e17-8f52-93ce4e900dc7",
          "7903eec1-71f1-440e-af40-1994723d1e2d",
          "1fc2285c-f682-4042-a834-55caa9d0792f"
        ],
        "state": "success",
        "targetName": "",
        "moduleName": "",
        "category": "",
        "taskRunReasons": [],
        "parent": "2e00186d-fa89-4cab-a905-13cdb52d9c5d",
        "logId": "cc0d4487-ed60-4e78-be0d-aa6b4621bb9a"
      },
      "log": {
        "_logger": {
          "category": "DurationEvent",
          "context": {},
          "callStackSkipIndex": 0
        },
        "_filelogger": {
          "category": "debug-file",
          "context": {},
          "callStackSkipIndex": 0
        }
      }
    },
    {
      "head": {
        "id": "c2e774b8-720b-44a7-9bd1-1c507b0e39c1",
        "name": "build task graph",
        "description": "Build task graph.",
        "type": "duration"
      },
      "body": {
        "pid": 11096,
        "tid": "Main Thread",
        "startTime": 13801135771400,
        "endTime": 13801137714300
      },
      "additional": {
        "children": [],
        "state": "success",
        "targetName": "",
        "moduleName": "",
        "category": "",
        "taskRunReasons": [],
        "parent": "2e00186d-fa89-4cab-a905-13cdb52d9c5d",
        "logId": "65a485ac-b7f0-43df-903e-1e01fa69e8d4"
      },
      "log": {
        "_logger": {
          "category": "DurationEvent",
          "context": {},
          "callStackSkipIndex": 0
        },
        "_filelogger": {
          "category": "debug-file",
          "context": {},
          "callStackSkipIndex": 0
        }
      }
    },
    {
      "head": {
        "id": "a2e83e30-ed20-4b66-961b-3ef1ccca1f24",
        "name": "init task execution option",
        "description": "Init task execution option.",
        "type": "duration"
      },
      "body": {
        "pid": 11096,
        "tid": "Main Thread",
        "startTime": 13801137739100,
        "endTime": 13801137753500
      },
      "additional": {
        "children": [],
        "state": "success",
        "targetName": "",
        "moduleName": "",
        "category": "",
        "taskRunReasons": [],
        "parent": "2e00186d-fa89-4cab-a905-13cdb52d9c5d",
        "logId": "f75c2155-1180-4e62-a013-c47a278a7e73"
      },
      "log": {
        "_logger": {
          "category": "DurationEvent",
          "context": {},
          "callStackSkipIndex": 0
        },
        "_filelogger": {
          "category": "debug-file",
          "context": {},
          "callStackSkipIndex": 0
        }
      }
    },
    {
      "head": {
        "id": "9c401720-b79b-4d47-a0b4-a00c87b4c5e3",
        "name": "\"configEvaluated\" hook function",
        "description": "",
        "type": "duration"
      },
      "body": {
        "pid": 11096,
        "tid": "Main Thread",
        "startTime": 13800856149100,
        "endTime": 13800856227200
      },
      "additional": {
        "children": [],
        "state": "success",
        "targetName": "",
        "moduleName": "",
        "category": "",
        "taskRunReasons": [],
        "parent": "2e00186d-fa89-4cab-a905-13cdb52d9c5d",
        "logId": "337e036e-6886-474d-b4d2-c341e81f4eea"
      },
      "log": {
        "_logger": {
          "category": "DurationEvent",
          "context": {},
          "callStackSkipIndex": 0
        },
        "_filelogger": {
          "category": "debug-file",
          "context": {},
          "callStackSkipIndex": 0
        }
      }
    },
    {
      "head": {
        "id": "337e036e-6886-474d-b4d2-c341e81f4eea",
        "name": "\"configEvaluated\" hook function",
        "description": "",
        "type": "log"
      },
      "body": {
        "pid": 11096,
        "tid": "Main Thread",
        "startTime": 13800856149100,
        "endTime": 13800856227200
      },
      "additional": {
        "logType": "info",
        "children": [],
        "durationId": "9c401720-b79b-4d47-a0b4-a00c87b4c5e3",
        "parent": "f9f96ab0-54bf-40b9-af8b-af42f0240e1b"
      }
    },
    {
      "head": {
        "id": "925a1945-bfa7-43d4-bf01-c0bd3b063a6a",
        "name": "\"nodesInitialized\" hook function",
        "description": "",
        "type": "duration"
      },
      "body": {
        "pid": 11096,
        "tid": "Main Thread",
        "startTime": 13800862783700,
        "endTime": 13800862822900
      },
      "additional": {
        "children": [],
        "state": "success",
        "targetName": "",
        "moduleName": "",
        "category": "",
        "taskRunReasons": [],
        "parent": "2e00186d-fa89-4cab-a905-13cdb52d9c5d",
        "logId": "255e1357-d2cf-409a-880d-0aca37689bfa"
      },
      "log": {
        "_logger": {
          "category": "DurationEvent",
          "context": {},
          "callStackSkipIndex": 0
        },
        "_filelogger": {
          "category": "debug-file",
          "context": {},
          "callStackSkipIndex": 0
        }
      }
    },
    {
      "head": {
        "id": "255e1357-d2cf-409a-880d-0aca37689bfa",
        "name": "\"nodesInitialized\" hook function",
        "description": "",
        "type": "log"
      },
      "body": {
        "pid": 11096,
        "tid": "Main Thread",
        "startTime": 13800862783700,
        "endTime": 13800862822900
      },
      "additional": {
        "logType": "info",
        "children": [],
        "durationId": "925a1945-bfa7-43d4-bf01-c0bd3b063a6a",
        "parent": "f9f96ab0-54bf-40b9-af8b-af42f0240e1b"
      }
    },
    {
      "head": {
        "id": "c0871136-a09f-4269-9178-54a3f886c5e2",
        "name": "Hvigor init with startParameters:{\n  hvigorfileTypeCheck: false,\n  parallelExecution: true,\n  incrementalExecution: true,\n  printStackTrace: false,\n  daemon: true,\n  analyze: 0,\n  logLevel: Level { level: 20000, levelStr: 'INFO', colour: 'green' }\n}",
        "description": "",
        "type": "log"
      },
      "body": {
        "pid": 11096,
        "tid": "Main Thread",
        "startTime": 13800862912700
      },
      "additional": {
        "logType": "debug",
        "children": []
      }
    },
    {
      "head": {
        "id": "c29a1f0e-745b-4c21-977a-40b4cbb0c2a9",
        "name": "Cache service initialization finished in 9 ms ",
        "description": "",
        "type": "log"
      },
      "body": {
        "pid": 11096,
        "tid": "Main Thread",
        "startTime": 13800871515200
      },
      "additional": {
        "logType": "debug",
        "children": []
      }
    },
    {
      "head": {
        "id": "b025d949-1558-41dd-8ed9-d1ea46c1d770",
        "name": "create hvigor project model",
        "description": "",
        "type": "log"
      },
      "body": {
        "pid": 11096,
        "tid": "Main Thread",
        "startTime": 13800851386500,
        "endTime": 13800871749500
      },
      "additional": {
        "logType": "info",
        "children": [],
        "durationId": "5dbda245-7ad9-44d9-b080-0e7c9b493341",
        "parent": "f9f96ab0-54bf-40b9-af8b-af42f0240e1b"
      }
    },
    {
      "head": {
        "id": "9df4402a-1012-461a-9b37-89dfa1fe589b",
        "name": "init configuration",
        "description": "Initialize configuration.",
        "type": "duration"
      },
      "body": {
        "pid": 11096,
        "tid": "Main Thread",
        "startTime": 13800881581800,
        "endTime": 13800881596200
      },
      "additional": {
        "children": [],
        "state": "success",
        "targetName": "",
        "moduleName": "",
        "category": "",
        "taskRunReasons": [],
        "parent": "bde84d21-4067-4e5a-8cd4-c62ca7823528",
        "logId": "df229375-04e2-4c36-a510-17b2db9ce27a"
      },
      "log": {
        "_logger": {
          "category": "DurationEvent",
          "context": {},
          "callStackSkipIndex": 0
        },
        "_filelogger": {
          "category": "debug-file",
          "context": {},
          "callStackSkipIndex": 0
        }
      }
    },
    {
      "head": {
        "id": "a389617a-e090-4b89-8e68-6408f4a052f3",
        "name": "configure project task",
        "description": "Configure project task.",
        "type": "duration"
      },
      "body": {
        "pid": 11096,
        "tid": "Main Thread",
        "startTime": 13800881624900,
        "endTime": 13800888252000
      },
      "additional": {
        "children": [],
        "state": "success",
        "targetName": "",
        "moduleName": "",
        "category": "",
        "taskRunReasons": [],
        "parent": "bde84d21-4067-4e5a-8cd4-c62ca7823528",
        "logId": "89084ed0-fbd2-4b49-afa7-a948cedeec01"
      },
      "log": {
        "_logger": {
          "category": "DurationEvent",
          "context": {},
          "callStackSkipIndex": 0
        },
        "_filelogger": {
          "category": "debug-file",
          "context": {},
          "callStackSkipIndex": 0
        }
      }
    },
    {
      "head": {
        "id": "7f1a19dc-a9d2-49e3-bbbc-d304c987bb91",
        "name": "eval project",
        "description": "Evaluate project.",
        "type": "duration"
      },
      "body": {
        "pid": 11096,
        "tid": "Main Thread",
        "startTime": 13800888287700,
        "endTime": 13801043580400
      },
      "additional": {
        "children": [
          "3ec3bfcf-4cef-4c4c-8224-6d91d3ee0a73",
          "93a1503d-132e-48bd-b2c8-3d67d457334e",
          "9d2f02c6-4cdb-4757-aea3-59b0182aa597"
        ],
        "state": "success",
        "targetName": "",
        "moduleName": "",
        "category": "",
        "taskRunReasons": [],
        "parent": "bde84d21-4067-4e5a-8cd4-c62ca7823528",
        "logId": "d9bff98d-131f-4a7e-bec4-5da17631badf"
      },
      "log": {
        "_logger": {
          "category": "DurationEvent",
          "context": {},
          "callStackSkipIndex": 0
        },
        "_filelogger": {
          "category": "debug-file",
          "context": {},
          "callStackSkipIndex": 0
        }
      }
    },
    {
      "head": {
        "id": "b5e79cbc-eef9-4578-b0fd-5094959a3b5d",
        "name": "eval modules",
        "description": "Evaluate modules.",
        "type": "duration"
      },
      "body": {
        "pid": 11096,
        "tid": "Main Thread",
        "startTime": 13801043610900,
        "endTime": 13801089524600
      },
      "additional": {
        "children": [
          "7fd5f2e8-b207-417d-a4e6-41edceef6518"
        ],
        "state": "success",
        "targetName": "",
        "moduleName": "",
        "category": "",
        "taskRunReasons": [],
        "parent": "bde84d21-4067-4e5a-8cd4-c62ca7823528",
        "logId": "a8127b41-431b-41d3-8ae2-2afdb0c548c7"
      },
      "log": {
        "_logger": {
          "category": "DurationEvent",
          "context": {},
          "callStackSkipIndex": 0
        },
        "_filelogger": {
          "category": "debug-file",
          "context": {},
          "callStackSkipIndex": 0
        }
      }
    },
    {
      "head": {
        "id": "1c93db70-8ba0-4728-aafb-1d55f8685eb9",
        "name": "add config dependencies",
        "description": "Add configuration dependencies.",
        "type": "duration"
      },
      "body": {
        "pid": 11096,
        "tid": "Main Thread",
        "startTime": 13801089536800,
        "endTime": 13801119224100
      },
      "additional": {
        "children": [],
        "state": "success",
        "targetName": "",
        "moduleName": "",
        "category": "",
        "taskRunReasons": [],
        "parent": "bde84d21-4067-4e5a-8cd4-c62ca7823528",
        "logId": "70c80236-6480-41f2-87ca-a9ae5cdf941f"
      },
      "log": {
        "_logger": {
          "category": "DurationEvent",
          "context": {},
          "callStackSkipIndex": 0
        },
        "_filelogger": {
          "category": "debug-file",
          "context": {},
          "callStackSkipIndex": 0
        }
      }
    },
    {
      "head": {
        "id": "c97715d3-db26-429e-9569-4dd7d2e77fc4",
        "name": "exec before all nodes",
        "description": "Execute before all nodes evaluated.",
        "type": "duration"
      },
      "body": {
        "pid": 11096,
        "tid": "Main Thread",
        "startTime": 13800879286200,
        "endTime": 13801135733600
      },
      "additional": {
        "children": [],
        "state": "success",
        "targetName": "",
        "moduleName": "",
        "category": "",
        "taskRunReasons": [],
        "parent": "bde84d21-4067-4e5a-8cd4-c62ca7823528"
      },
      "log": {
        "_logger": {
          "category": "DurationEvent",
          "context": {},
          "callStackSkipIndex": 0
        },
        "_filelogger": {
          "category": "debug-file",
          "context": {},
          "callStackSkipIndex": 0
        }
      }
    },
    {
      "head": {
        "id": "474ddf23-7346-4e17-8f52-93ce4e900dc7",
        "name": "exec after all nodes",
        "description": "Execute after all nodes evaluated.",
        "type": "duration"
      },
      "body": {
        "pid": 11096,
        "tid": "Main Thread",
        "startTime": 13800880070700,
        "endTime": 13801135736000
      },
      "additional": {
        "children": [],
        "state": "success",
        "targetName": "",
        "moduleName": "",
        "category": "",
        "taskRunReasons": [],
        "parent": "bde84d21-4067-4e5a-8cd4-c62ca7823528"
      },
      "log": {
        "_logger": {
          "category": "DurationEvent",
          "context": {},
          "callStackSkipIndex": 0
        },
        "_filelogger": {
          "category": "debug-file",
          "context": {},
          "callStackSkipIndex": 0
        }
      }
    },
    {
      "head": {
        "id": "7903eec1-71f1-440e-af40-1994723d1e2d",
        "name": "fin configuration",
        "description": "Finish configuration.",
        "type": "duration"
      },
      "body": {
        "pid": 11096,
        "tid": "Main Thread",
        "startTime": 13801135437700,
        "endTime": 13801135694300
      },
      "additional": {
        "children": [],
        "state": "success",
        "targetName": "",
        "moduleName": "",
        "category": "",
        "taskRunReasons": [],
        "parent": "bde84d21-4067-4e5a-8cd4-c62ca7823528",
        "logId": "f111d44c-05d0-489c-85d8-aae69397781b"
      },
      "log": {
        "_logger": {
          "category": "DurationEvent",
          "context": {},
          "callStackSkipIndex": 0
        },
        "_filelogger": {
          "category": "debug-file",
          "context": {},
          "callStackSkipIndex": 0
        }
      }
    },
    {
      "head": {
        "id": "df229375-04e2-4c36-a510-17b2db9ce27a",
        "name": "init configuration",
        "description": "",
        "type": "log"
      },
      "body": {
        "pid": 11096,
        "tid": "Main Thread",
        "startTime": 13800881581800,
        "endTime": 13800881596200
      },
      "additional": {
        "logType": "info",
        "children": [],
        "durationId": "9df4402a-1012-461a-9b37-89dfa1fe589b",
        "parent": "cc0d4487-ed60-4e78-be0d-aa6b4621bb9a"
      }
    },
    {
      "head": {
        "id": "89084ed0-fbd2-4b49-afa7-a948cedeec01",
        "name": "configure project task",
        "description": "",
        "type": "log"
      },
      "body": {
        "pid": 11096,
        "tid": "Main Thread",
        "startTime": 13800881624900,
        "endTime": 13800888252000
      },
      "additional": {
        "logType": "info",
        "children": [],
        "durationId": "a389617a-e090-4b89-8e68-6408f4a052f3",
        "parent": "cc0d4487-ed60-4e78-be0d-aa6b4621bb9a"
      }
    },
    {
      "head": {
        "id": "3ec3bfcf-4cef-4c4c-8224-6d91d3ee0a73",
        "name": "\"beforeNodeEvaluate\" hook function",
        "description": "",
        "type": "duration"
      },
      "body": {
        "pid": 11096,
        "tid": "Main Thread",
        "startTime": 13800889571600,
        "endTime": 13800889612800
      },
      "additional": {
        "children": [],
        "state": "success",
        "targetName": "",
        "moduleName": "",
        "category": "",
        "taskRunReasons": [],
        "parent": "7f1a19dc-a9d2-49e3-bbbc-d304c987bb91",
        "logId": "6a5d2552-79cd-45eb-a633-08ac8052b9e3"
      },
      "log": {
        "_logger": {
          "category": "DurationEvent",
          "context": {},
          "callStackSkipIndex": 0
        },
        "_filelogger": {
          "category": "debug-file",
          "context": {},
          "callStackSkipIndex": 0
        }
      }
    },
    {
      "head": {
        "id": "6a5d2552-79cd-45eb-a633-08ac8052b9e3",
        "name": "\"beforeNodeEvaluate\" hook function",
        "description": "",
        "type": "log"
      },
      "body": {
        "pid": 11096,
        "tid": "Main Thread",
        "startTime": 13800889571600,
        "endTime": 13800889612800
      },
      "additional": {
        "logType": "info",
        "children": [],
        "durationId": "3ec3bfcf-4cef-4c4c-8224-6d91d3ee0a73",
        "parent": "d9bff98d-131f-4a7e-bec4-5da17631badf"
      }
    },
    {
      "head": {
        "id": "93a1503d-132e-48bd-b2c8-3d67d457334e",
        "name": "eval hvigorfile",
        "description": "Evaluate hvigorfile.",
        "type": "duration"
      },
      "body": {
        "pid": 11096,
        "tid": "Main Thread",
        "startTime": 13800892604500,
        "endTime": 13801042011900
      },
      "additional": {
        "children": [
          "1e8cc247-2917-45ff-920b-cc2e2ce4d5fb",
          "cb966fb3-7c3e-486a-b725-b92b2d2e0ec5"
        ],
        "state": "success",
        "targetName": "",
        "moduleName": "",
        "category": "",
        "taskRunReasons": [],
        "parent": "7f1a19dc-a9d2-49e3-bbbc-d304c987bb91",
        "logId": "9c1ccde8-acd2-40fc-96f4-87fe991ec852"
      },
      "log": {
        "_logger": {
          "category": "DurationEvent",
          "context": {},
          "callStackSkipIndex": 0
        },
        "_filelogger": {
          "category": "debug-file",
          "context": {},
          "callStackSkipIndex": 0
        }
      }
    },
    {
      "head": {
        "id": "1e8cc247-2917-45ff-920b-cc2e2ce4d5fb",
        "name": "require hvigorfile",
        "description": "Require hvigorfile.",
        "type": "duration"
      },
      "body": {
        "pid": 11096,
        "tid": "Main Thread",
        "startTime": 13800892606300,
        "endTime": 13800898845600
      },
      "additional": {
        "children": [],
        "state": "success",
        "targetName": "",
        "moduleName": "",
        "category": "",
        "taskRunReasons": [],
        "parent": "93a1503d-132e-48bd-b2c8-3d67d457334e",
        "logId": "a6165f59-287f-4513-94a1-aeab30b5f21c"
      },
      "log": {
        "_logger": {
          "category": "DurationEvent",
          "context": {},
          "callStackSkipIndex": 0
        },
        "_filelogger": {
          "category": "debug-file",
          "context": {},
          "callStackSkipIndex": 0
        }
      }
    },
    {
      "head": {
        "id": "cb966fb3-7c3e-486a-b725-b92b2d2e0ec5",
        "name": "bind plugins",
        "description": "Bind plugins.",
        "type": "duration"
      },
      "body": {
        "pid": 11096,
        "tid": "Main Thread",
        "startTime": 13800898872200,
        "endTime": 13801041986500
      },
      "additional": {
        "children": [],
        "state": "success",
        "targetName": "",
        "moduleName": "",
        "category": "",
        "taskRunReasons": [],
        "parent": "93a1503d-132e-48bd-b2c8-3d67d457334e",
        "logId": "1785a470-09c8-4f28-b617-f2fd30e33a66"
      },
      "log": {
        "_logger": {
          "category": "DurationEvent",
          "context": {},
          "callStackSkipIndex": 0
        },
        "_filelogger": {
          "category": "debug-file",
          "context": {},
          "callStackSkipIndex": 0
        }
      }
    },
    {
      "head": {
        "id": "60e2f4a0-0317-465f-b0ed-4c446943c090",
        "name": "hvigorfile, resolving D:\\MyApplication3\\hvigorfile.ts",
        "description": "",
        "type": "log"
      },
      "body": {
        "pid": 11096,
        "tid": "Main Thread",
        "startTime": 13800892614200
      },
      "additional": {
        "logType": "debug",
        "children": []
      }
    },
    {
      "head": {
        "id": "65bb669e-fb7c-4610-846c-9a7a1e10cdf1",
        "name": "hvigorfile, require result:  { default: { system: [Function: appTasks], plugins: [] } }",
        "description": "",
        "type": "log"
      },
      "body": {
        "pid": 11096,
        "tid": "Main Thread",
        "startTime": 13800898605600
      },
      "additional": {
        "logType": "debug",
        "children": []
      }
    },
    {
      "head": {
        "id": "a6165f59-287f-4513-94a1-aeab30b5f21c",
        "name": "require hvigorfile",
        "description": "",
        "type": "log"
      },
      "body": {
        "pid": 11096,
        "tid": "Main Thread",
        "startTime": 13800892606300,
        "endTime": 13800898845600
      },
      "additional": {
        "logType": "info",
        "children": [],
        "durationId": "1e8cc247-2917-45ff-920b-cc2e2ce4d5fb",
        "parent": "9c1ccde8-acd2-40fc-96f4-87fe991ec852"
      }
    },
    {
      "head": {
        "id": "09eee4b1-0462-413b-aba1-24c44511bf3e",
        "name": "hvigorfile, binding system plugins [Function: appTasks]",
        "description": "",
        "type": "log"
      },
      "body": {
        "pid": 11096,
        "tid": "Main Thread",
        "startTime": 13800898891200
      },
      "additional": {
        "logType": "debug",
        "children": []
      }
    },
    {
      "head": {
        "id": "c90198d5-a3ea-4a8a-b5c9-8fbd9c810807",
        "name": "Start initialize project's product build option map with build mode debug.",
        "description": "",
        "type": "log"
      },
      "body": {
        "pid": 11096,
        "tid": "Main Thread",
        "startTime": 13800910455900
      },
      "additional": {
        "logType": "debug",
        "children": []
      }
    },
    {
      "head": {
        "id": "2594ab2a-af4d-4c1f-b62b-86799cfc35b5",
        "name": "Picking option from product 'default' with build mode 'debug'.",
        "description": "",
        "type": "log"
      },
      "body": {
        "pid": 11096,
        "tid": "Main Thread",
        "startTime": 13800910697300
      },
      "additional": {
        "logType": "debug",
        "children": []
      }
    },
    {
      "head": {
        "id": "b8d88222-2099-4705-ae9b-a0877bc7fd31",
        "name": "Product 'default' build option: {}",
        "description": "",
        "type": "log"
      },
      "body": {
        "pid": 11096,
        "tid": "Main Thread",
        "startTime": 13800910930000
      },
      "additional": {
        "logType": "debug",
        "children": []
      }
    },
    {
      "head": {
        "id": "e48f54d9-9e21-4aff-8156-26febcdbe0c5",
        "name": "End initialize project's product build option map with build mode 'debug'.",
        "description": "",
        "type": "log"
      },
      "body": {
        "pid": 11096,
        "tid": "Main Thread",
        "startTime": 13800911110200
      },
      "additional": {
        "logType": "debug",
        "children": []
      }
    },
    {
      "head": {
        "id": "8060b938-5e54-4077-9093-ddcd6ae82176",
        "name": "Product 'default' using build option: {\n  \"debuggable\": true,\n  \"strictMode\": {\n    \"caseSensitiveCheck\": true,\n    \"useNormalizedOHMUrl\": true\n  }\n} in this build.",
        "description": "",
        "type": "log"
      },
      "body": {
        "pid": 11096,
        "tid": "Main Thread",
        "startTime": 13800913490600
      },
      "additional": {
        "logType": "debug",
        "children": []
      }
    },
    {
      "head": {
        "id": "b150691a-79d5-42ac-bae0-0bb0302a0364",
        "name": "No signingConfig found, initRemoteHspCache failed.",
        "description": "",
        "type": "log"
      },
      "body": {
        "pid": 11096,
        "tid": "Main Thread",
        "startTime": 13800919518300
      },
      "additional": {
        "logType": "debug",
        "children": []
      }
    },
    {
      "head": {
        "id": "1f2ffca2-9b09-46af-be84-826cdc5a3f9d",
        "name": "Start recording SDK configuration permission data.",
        "description": "",
        "type": "log"
      },
      "body": {
        "pid": 11096,
        "tid": "Main Thread",
        "startTime": 13800939694100
      },
      "additional": {
        "logType": "debug",
        "children": []
      }
    },
    {
      "head": {
        "id": "ae802f0a-a199-4351-9752-72167ccccc5b",
        "name": "Sdk init in 66 ms ",
        "description": "",
        "type": "log"
      },
      "body": {
        "pid": 11096,
        "tid": "Main Thread",
        "startTime": 13800986789100
      },
      "additional": {
        "logType": "debug",
        "children": []
      }
    },
    {
      "head": {
        "id": "d2ef402e-5d70-45f3-aed5-f8740cb87ba9",
        "name": "sdkVersion",
        "description": "5.0.0.71",
        "type": "mark"
      },
      "body": {
        "pid": 11096,
        "tid": "Main Thread",
        "startTime": 13800988052400
      },
      "additional": {
        "time": {
          "year": 2025,
          "month": 2,
          "day": 19,
          "hour": 12,
          "minute": 42
        },
        "markType": "other"
      }
    },
    {
      "head": {
        "id": "0fc8a6b7-a9a5-4796-8e86-9a80e2b58cd1",
        "name": "caseSensitiveCheckOn",
        "description": "caseSensitiveCheck check is on",
        "type": "mark"
      },
      "body": {
        "pid": 11096,
        "tid": "Main Thread",
        "startTime": 13800988134200
      },
      "additional": {
        "time": {
          "year": 2025,
          "month": 2,
          "day": 19,
          "hour": 12,
          "minute": 42
        },
        "markType": "other"
      }
    },
    {
      "head": {
        "id": "774deb65-2cc8-4ea4-9a94-c68ef94eb113",
        "name": ":clean",
        "description": "Clear the cache information.",
        "type": "duration"
      },
      "body": {
        "pid": 11096,
        "tid": "Main Thread",
        "startTime": 13801273888700,
        "endTime": 13801277378400
      },
      "additional": {
        "children": [],
        "state": "success",
        "targetName": "",
        "moduleName": "",
        "category": "Other",
        "taskRunReasons": [],
        "detailId": "b72c433c-f9b8-42f2-9bcc-8cbd831143b4",
        "logId": "087c7767-c43d-4e51-824c-8d0cd0ddd77b"
      },
      "log": {
        "_logger": {
          "category": "DurationEvent",
          "context": {},
          "callStackSkipIndex": 0
        },
        "_filelogger": {
          "category": "debug-file",
          "context": {},
          "callStackSkipIndex": 0
        }
      }
    },
    {
      "head": {
        "id": "b72c433c-f9b8-42f2-9bcc-8cbd831143b4",
        "name": "create :clean task",
        "description": "",
        "type": "log"
      },
      "body": {
        "pid": 11096,
        "tid": "Main Thread",
        "startTime": 13800999237200
      },
      "additional": {
        "logType": "detail",
        "children": [],
        "durationId": "774deb65-2cc8-4ea4-9a94-c68ef94eb113"
      }
    },
    {
      "head": {
        "id": "c7f943a8-31eb-4807-b799-2867541d99ea",
        "name": "Project task initialization takes 50 ms ",
        "description": "",
        "type": "log"
      },
      "body": {
        "pid": 11096,
        "tid": "Main Thread",
        "startTime": 13801041372500
      },
      "additional": {
        "logType": "debug",
        "children": []
      }
    },
    {
      "head": {
        "id": "f543355e-491c-4d79-85b5-34c80ca3e112",
        "name": "hvigorfile, binding custom plugins []",
        "description": "",
        "type": "log"
      },
      "body": {
        "pid": 11096,
        "tid": "Main Thread",
        "startTime": 13801041682900
      },
      "additional": {
        "logType": "debug",
        "children": []
      }
    },
    {
      "head": {
        "id": "ad762792-75c9-4e54-9019-2022e266c8d0",
        "name": "hvigorfile, no custom plugins were found in D:\\MyApplication3\\hvigorfile.ts",
        "description": "",
        "type": "log"
      },
      "body": {
        "pid": 11096,
        "tid": "Main Thread",
        "startTime": 13801041836300
      },
      "additional": {
        "logType": "debug",
        "children": []
      }
    },
    {
      "head": {
        "id": "20eb2b4a-f5a8-4ca6-a0d7-3ef88e0b6ca8",
        "name": "hvigorfile, resolve finished D:\\MyApplication3\\hvigorfile.ts",
        "description": "",
        "type": "log"
      },
      "body": {
        "pid": 11096,
        "tid": "Main Thread",
        "startTime": 13801041915900
      },
      "additional": {
        "logType": "debug",
        "children": []
      }
    },
    {
      "head": {
        "id": "1785a470-09c8-4f28-b617-f2fd30e33a66",
        "name": "bind plugins",
        "description": "",
        "type": "log"
      },
      "body": {
        "pid": 11096,
        "tid": "Main Thread",
        "startTime": 13800898872200,
        "endTime": 13801041986500
      },
      "additional": {
        "logType": "info",
        "children": [],
        "durationId": "cb966fb3-7c3e-486a-b725-b92b2d2e0ec5",
        "parent": "9c1ccde8-acd2-40fc-96f4-87fe991ec852"
      }
    },
    {
      "head": {
        "id": "9c1ccde8-acd2-40fc-96f4-87fe991ec852",
        "name": "eval hvigorfile",
        "description": "",
        "type": "log"
      },
      "body": {
        "pid": 11096,
        "tid": "Main Thread",
        "startTime": 13800892604500,
        "endTime": 13801042011900
      },
      "additional": {
        "logType": "info",
        "children": [
          "a6165f59-287f-4513-94a1-aeab30b5f21c",
          "1785a470-09c8-4f28-b617-f2fd30e33a66"
        ],
        "durationId": "93a1503d-132e-48bd-b2c8-3d67d457334e",
        "parent": "d9bff98d-131f-4a7e-bec4-5da17631badf"
      }
    },
    {
      "head": {
        "id": "9d2f02c6-4cdb-4757-aea3-59b0182aa597",
        "name": "\"afterNodeEvaluate\" hook function",
        "description": "",
        "type": "duration"
      },
      "body": {
        "pid": 11096,
        "tid": "Main Thread",
        "startTime": 13801043503000,
        "endTime": 13801043544300
      },
      "additional": {
        "children": [],
        "state": "success",
        "targetName": "",
        "moduleName": "",
        "category": "",
        "taskRunReasons": [],
        "parent": "7f1a19dc-a9d2-49e3-bbbc-d304c987bb91",
        "logId": "6cfa0c4e-0793-46dd-a806-bc091cc66cdf"
      },
      "log": {
        "_logger": {
          "category": "DurationEvent",
          "context": {},
          "callStackSkipIndex": 0
        },
        "_filelogger": {
          "category": "debug-file",
          "context": {},
          "callStackSkipIndex": 0
        }
      }
    },
    {
      "head": {
        "id": "6cfa0c4e-0793-46dd-a806-bc091cc66cdf",
        "name": "\"afterNodeEvaluate\" hook function",
        "description": "",
        "type": "log"
      },
      "body": {
        "pid": 11096,
        "tid": "Main Thread",
        "startTime": 13801043503000,
        "endTime": 13801043544300
      },
      "additional": {
        "logType": "info",
        "children": [],
        "durationId": "9d2f02c6-4cdb-4757-aea3-59b0182aa597",
        "parent": "d9bff98d-131f-4a7e-bec4-5da17631badf"
      }
    },
    {
      "head": {
        "id": "d9bff98d-131f-4a7e-bec4-5da17631badf",
        "name": "eval project",
        "description": "",
        "type": "log"
      },
      "body": {
        "pid": 11096,
        "tid": "Main Thread",
        "startTime": 13800888287700,
        "endTime": 13801043580400
      },
      "additional": {
        "logType": "info",
        "children": [
          "6a5d2552-79cd-45eb-a633-08ac8052b9e3",
          "9c1ccde8-acd2-40fc-96f4-87fe991ec852",
          "6cfa0c4e-0793-46dd-a806-bc091cc66cdf"
        ],
        "durationId": "7f1a19dc-a9d2-49e3-bbbc-d304c987bb91",
        "parent": "cc0d4487-ed60-4e78-be0d-aa6b4621bb9a"
      }
    },
    {
      "head": {
        "id": "7fd5f2e8-b207-417d-a4e6-41edceef6518",
        "name": "eval submodule",
        "description": "Evaluate submodule.",
        "type": "duration"
      },
      "body": {
        "pid": 11096,
        "tid": "Main Thread",
        "startTime": 13801045200600,
        "endTime": 13801089498300
      },
      "additional": {
        "children": [
          "38629c72-cc19-42b4-a460-a6147ac79347",
          "85bfa4c1-88ae-49fb-b31e-dfff8da70b72",
          "277c8f1e-a149-444a-a9e2-27fa74f42d2f"
        ],
        "state": "success",
        "targetName": "",
        "moduleName": "",
        "category": "",
        "taskRunReasons": [],
        "parent": "b5e79cbc-eef9-4578-b0fd-5094959a3b5d",
        "logId": "874157d3-6338-477a-b40e-ce25b131699a"
      },
      "log": {
        "_logger": {
          "category": "DurationEvent",
          "context": {},
          "callStackSkipIndex": 0
        },
        "_filelogger": {
          "category": "debug-file",
          "context": {},
          "callStackSkipIndex": 0
        }
      }
    },
    {
      "head": {
        "id": "38629c72-cc19-42b4-a460-a6147ac79347",
        "name": "\"beforeNodeEvaluate\" hook function",
        "description": "",
        "type": "duration"
      },
      "body": {
        "pid": 11096,
        "tid": "Main Thread",
        "startTime": 13801054320700,
        "endTime": 13801054364400
      },
      "additional": {
        "children": [],
        "state": "success",
        "targetName": "",
        "moduleName": "",
        "category": "",
        "taskRunReasons": [],
        "parent": "7fd5f2e8-b207-417d-a4e6-41edceef6518",
        "logId": "39feee75-9caf-4ad9-a595-307f17ca18c4"
      },
      "log": {
        "_logger": {
          "category": "DurationEvent",
          "context": {},
          "callStackSkipIndex": 0
        },
        "_filelogger": {
          "category": "debug-file",
          "context": {},
          "callStackSkipIndex": 0
        }
      }
    },
    {
      "head": {
        "id": "39feee75-9caf-4ad9-a595-307f17ca18c4",
        "name": "\"beforeNodeEvaluate\" hook function",
        "description": "",
        "type": "log"
      },
      "body": {
        "pid": 11096,
        "tid": "Main Thread",
        "startTime": 13801054320700,
        "endTime": 13801054364400
      },
      "additional": {
        "logType": "info",
        "children": [],
        "durationId": "38629c72-cc19-42b4-a460-a6147ac79347",
        "parent": "874157d3-6338-477a-b40e-ce25b131699a"
      }
    },
    {
      "head": {
        "id": "85bfa4c1-88ae-49fb-b31e-dfff8da70b72",
        "name": "eval hvigorfile",
        "description": "Evaluate hvigorfile.",
        "type": "duration"
      },
      "body": {
        "pid": 11096,
        "tid": "Main Thread",
        "startTime": 13801058955700,
        "endTime": 13801087088300
      },
      "additional": {
        "children": [
          "af8b5478-335d-47e0-9f56-503323e505e3",
          "fd4bc241-a6ba-48ff-bbf3-df09eb3aa63b"
        ],
        "state": "success",
        "targetName": "",
        "moduleName": "",
        "category": "",
        "taskRunReasons": [],
        "parent": "7fd5f2e8-b207-417d-a4e6-41edceef6518",
        "logId": "408bfeda-666e-4af5-aba7-0c8b373e88bc"
      },
      "log": {
        "_logger": {
          "category": "DurationEvent",
          "context": {},
          "callStackSkipIndex": 0
        },
        "_filelogger": {
          "category": "debug-file",
          "context": {},
          "callStackSkipIndex": 0
        }
      }
    },
    {
      "head": {
        "id": "af8b5478-335d-47e0-9f56-503323e505e3",
        "name": "require hvigorfile",
        "description": "Require hvigorfile.",
        "type": "duration"
      },
      "body": {
        "pid": 11096,
        "tid": "Main Thread",
        "startTime": 13801058959900,
        "endTime": 13801065615200
      },
      "additional": {
        "children": [],
        "state": "success",
        "targetName": "",
        "moduleName": "",
        "category": "",
        "taskRunReasons": [],
        "parent": "85bfa4c1-88ae-49fb-b31e-dfff8da70b72",
        "logId": "6373bb5f-3677-4b88-9cce-4b42de512e36"
      },
      "log": {
        "_logger": {
          "category": "DurationEvent",
          "context": {},
          "callStackSkipIndex": 0
        },
        "_filelogger": {
          "category": "debug-file",
          "context": {},
          "callStackSkipIndex": 0
        }
      }
    },
    {
      "head": {
        "id": "fd4bc241-a6ba-48ff-bbf3-df09eb3aa63b",
        "name": "bind plugins",
        "description": "Bind plugins.",
        "type": "duration"
      },
      "body": {
        "pid": 11096,
        "tid": "Main Thread",
        "startTime": 13801065648400,
        "endTime": 13801087056500
      },
      "additional": {
        "children": [],
        "state": "success",
        "targetName": "",
        "moduleName": "",
        "category": "",
        "taskRunReasons": [],
        "parent": "85bfa4c1-88ae-49fb-b31e-dfff8da70b72",
        "logId": "f8ab427d-6a1d-4277-8a9e-8c7ddf30fb52"
      },
      "log": {
        "_logger": {
          "category": "DurationEvent",
          "context": {},
          "callStackSkipIndex": 0
        },
        "_filelogger": {
          "category": "debug-file",
          "context": {},
          "callStackSkipIndex": 0
        }
      }
    },
    {
      "head": {
        "id": "3a60936c-4df0-422b-bc86-3554cb871473",
        "name": "hvigorfile, resolving D:\\MyApplication3\\entry\\hvigorfile.ts",
        "description": "",
        "type": "log"
      },
      "body": {
        "pid": 11096,
        "tid": "Main Thread",
        "startTime": 13801058973300
      },
      "additional": {
        "logType": "debug",
        "children": []
      }
    },
    {
      "head": {
        "id": "07a26e0c-c887-43a7-aca3-ea622b517e8d",
        "name": "hvigorfile, require result:  { default: { system: [Function: hapTasks], plugins: [] } }",
        "description": "",
        "type": "log"
      },
      "body": {
        "pid": 11096,
        "tid": "Main Thread",
        "startTime": 13801065323700
      },
      "additional": {
        "logType": "debug",
        "children": []
      }
    },
    {
      "head": {
        "id": "6373bb5f-3677-4b88-9cce-4b42de512e36",
        "name": "require hvigorfile",
        "description": "",
        "type": "log"
      },
      "body": {
        "pid": 11096,
        "tid": "Main Thread",
        "startTime": 13801058959900,
        "endTime": 13801065615200
      },
      "additional": {
        "logType": "info",
        "children": [],
        "durationId": "af8b5478-335d-47e0-9f56-503323e505e3",
        "parent": "408bfeda-666e-4af5-aba7-0c8b373e88bc"
      }
    },
    {
      "head": {
        "id": "52615c73-80c1-4d93-af7e-fe10acf98444",
        "name": "hvigorfile, binding system plugins [Function: hapTasks]",
        "description": "",
        "type": "log"
      },
      "body": {
        "pid": 11096,
        "tid": "Main Thread",
        "startTime": 13801065772900
      },
      "additional": {
        "logType": "debug",
        "children": []
      }
    },
    {
      "head": {
        "id": "3b78fd8e-ad94-4445-8044-797d7cd16a08",
        "name": "Start initialize module-target build option map, moduleName=entry, buildMode=debug",
        "description": "",
        "type": "log"
      },
      "body": {
        "pid": 11096,
        "tid": "Main Thread",
        "startTime": 13801079604500
      },
      "additional": {
        "logType": "debug",
        "children": []
      }
    },
    {
      "head": {
        "id": "11706c17-414e-48d0-9590-e6252dfd4f02",
        "name": "Target 'default' config: {}",
        "description": "",
        "type": "log"
      },
      "body": {
        "pid": 11096,
        "tid": "Main Thread",
        "startTime": 13801079870500
      },
      "additional": {
        "logType": "debug",
        "children": []
      }
    },
    {
      "head": {
        "id": "018010f4-bf36-4f54-aa3e-551017723fdf",
        "name": "Target 'ohosTest' config: {}",
        "description": "",
        "type": "log"
      },
      "body": {
        "pid": 11096,
        "tid": "Main Thread",
        "startTime": 13801080396900
      },
      "additional": {
        "logType": "debug",
        "children": []
      }
    },
    {
      "head": {
        "id": "adefbe64-9883-425f-9187-de2a88bc40ed",
        "name": "Module 'entry' target 'default' build option: {\n  \"debuggable\": true,\n  \"copyFrom\": \"default\",\n  \"strictMode\": {\n    \"caseSensitiveCheck\": true,\n    \"useNormalizedOHMUrl\": true\n  },\n  \"name\": \"debug\"\n}",
        "description": "",
        "type": "log"
      },
      "body": {
        "pid": 11096,
        "tid": "Main Thread",
        "startTime": 13801080710400
      },
      "additional": {
        "logType": "debug",
        "children": []
      }
    },
    {
      "head": {
        "id": "695d98ec-33c7-4d77-97cc-7fcfede4bbab",
        "name": "Module 'entry' target 'ohosTest' build option: {\n  \"debuggable\": true,\n  \"strictMode\": {\n    \"caseSensitiveCheck\": true,\n    \"useNormalizedOHMUrl\": true\n  },\n  \"name\": \"default\"\n}",
        "description": "",
        "type": "log"
      },
      "body": {
        "pid": 11096,
        "tid": "Main Thread",
        "startTime": 13801080811900
      },
      "additional": {
        "logType": "debug",
        "children": []
      }
    },
    {
      "head": {
        "id": "2e35f60e-930f-44cd-8ec1-2518411b7115",
        "name": "End initialize module-target build option map, moduleName=entry",
        "description": "",
        "type": "log"
      },
      "body": {
        "pid": 11096,
        "tid": "Main Thread",
        "startTime": 13801080880000
      },
      "additional": {
        "logType": "debug",
        "children": []
      }
    },
    {
      "head": {
        "id": "dd93056c-9fa9-477d-89c1-8842f3612c9a",
        "name": "Module 'entry' target 'default' using build option: {\n  \"debuggable\": true,\n  \"copyFrom\": \"default\",\n  \"strictMode\": {\n    \"caseSensitiveCheck\": true,\n    \"useNormalizedOHMUrl\": true\n  },\n  \"name\": \"debug\"\n} in this build.",
        "description": "",
        "type": "log"
      },
      "body": {
        "pid": 11096,
        "tid": "Main Thread",
        "startTime": 13801080967500
      },
      "additional": {
        "logType": "debug",
        "children": []
      }
    },
    {
      "head": {
        "id": "a85c898f-e139-446f-b529-14976aa5f3f8",
        "name": "Module entry task initialization takes 2 ms ",
        "description": "",
        "type": "log"
      },
      "body": {
        "pid": 11096,
        "tid": "Main Thread",
        "startTime": 13801086376700
      },
      "additional": {
        "logType": "debug",
        "children": []
      }
    },
    {
      "head": {
        "id": "030c6d01-e139-45a3-8eb8-c2c9a747fd70",
        "name": "hvigorfile, binding custom plugins []",
        "description": "",
        "type": "log"
      },
      "body": {
        "pid": 11096,
        "tid": "Main Thread",
        "startTime": 13801086794400
      },
      "additional": {
        "logType": "debug",
        "children": []
      }
    },
    {
      "head": {
        "id": "7493b6c3-3521-4cef-83d9-4fe9539a5e34",
        "name": "hvigorfile, no custom plugins were found in D:\\MyApplication3\\entry\\hvigorfile.ts",
        "description": "",
        "type": "log"
      },
      "body": {
        "pid": 11096,
        "tid": "Main Thread",
        "startTime": 13801086905200
      },
      "additional": {
        "logType": "debug",
        "children": []
      }
    },
    {
      "head": {
        "id": "1a702dfd-80eb-47fd-ae00-fe84aebce507",
        "name": "hvigorfile, resolve finished D:\\MyApplication3\\entry\\hvigorfile.ts",
        "description": "",
        "type": "log"
      },
      "body": {
        "pid": 11096,
        "tid": "Main Thread",
        "startTime": 13801086985900
      },
      "additional": {
        "logType": "debug",
        "children": []
      }
    },
    {
      "head": {
        "id": "f8ab427d-6a1d-4277-8a9e-8c7ddf30fb52",
        "name": "bind plugins",
        "description": "",
        "type": "log"
      },
      "body": {
        "pid": 11096,
        "tid": "Main Thread",
        "startTime": 13801065648400,
        "endTime": 13801087056500
      },
      "additional": {
        "logType": "info",
        "children": [],
        "durationId": "fd4bc241-a6ba-48ff-bbf3-df09eb3aa63b",
        "parent": "408bfeda-666e-4af5-aba7-0c8b373e88bc"
      }
    },
    {
      "head": {
        "id": "408bfeda-666e-4af5-aba7-0c8b373e88bc",
        "name": "eval hvigorfile",
        "description": "",
        "type": "log"
      },
      "body": {
        "pid": 11096,
        "tid": "Main Thread",
        "startTime": 13801058955700,
        "endTime": 13801087088300
      },
      "additional": {
        "logType": "info",
        "children": [
          "6373bb5f-3677-4b88-9cce-4b42de512e36",
          "f8ab427d-6a1d-4277-8a9e-8c7ddf30fb52"
        ],
        "durationId": "85bfa4c1-88ae-49fb-b31e-dfff8da70b72",
        "parent": "874157d3-6338-477a-b40e-ce25b131699a"
      }
    },
    {
      "head": {
        "id": "277c8f1e-a149-444a-a9e2-27fa74f42d2f",
        "name": "\"afterNodeEvaluate\" hook function",
        "description": "",
        "type": "duration"
      },
      "body": {
        "pid": 11096,
        "tid": "Main Thread",
        "startTime": 13801089443000,
        "endTime": 13801089473200
      },
      "additional": {
        "children": [],
        "state": "success",
        "targetName": "",
        "moduleName": "",
        "category": "",
        "taskRunReasons": [],
        "parent": "7fd5f2e8-b207-417d-a4e6-41edceef6518",
        "logId": "e8f9acac-55b1-42e6-b78a-6901433f07c5"
      },
      "log": {
        "_logger": {
          "category": "DurationEvent",
          "context": {},
          "callStackSkipIndex": 0
        },
        "_filelogger": {
          "category": "debug-file",
          "context": {},
          "callStackSkipIndex": 0
        }
      }
    },
    {
      "head": {
        "id": "e8f9acac-55b1-42e6-b78a-6901433f07c5",
        "name": "\"afterNodeEvaluate\" hook function",
        "description": "",
        "type": "log"
      },
      "body": {
        "pid": 11096,
        "tid": "Main Thread",
        "startTime": 13801089443000,
        "endTime": 13801089473200
      },
      "additional": {
        "logType": "info",
        "children": [],
        "durationId": "277c8f1e-a149-444a-a9e2-27fa74f42d2f",
        "parent": "874157d3-6338-477a-b40e-ce25b131699a"
      }
    },
    {
      "head": {
        "id": "874157d3-6338-477a-b40e-ce25b131699a",
        "name": "eval submodule",
        "description": "",
        "type": "log"
      },
      "body": {
        "pid": 11096,
        "tid": "Main Thread",
        "startTime": 13801045200600,
        "endTime": 13801089498300
      },
      "additional": {
        "logType": "info",
        "children": [
          "39feee75-9caf-4ad9-a595-307f17ca18c4",
          "408bfeda-666e-4af5-aba7-0c8b373e88bc",
          "e8f9acac-55b1-42e6-b78a-6901433f07c5"
        ],
        "durationId": "7fd5f2e8-b207-417d-a4e6-41edceef6518",
        "parent": "a8127b41-431b-41d3-8ae2-2afdb0c548c7"
      }
    },
    {
      "head": {
        "id": "a8127b41-431b-41d3-8ae2-2afdb0c548c7",
        "name": "eval modules",
        "description": "",
        "type": "log"
      },
      "body": {
        "pid": 11096,
        "tid": "Main Thread",
        "startTime": 13801043610900,
        "endTime": 13801089524600
      },
      "additional": {
        "logType": "info",
        "children": [
          "874157d3-6338-477a-b40e-ce25b131699a"
        ],
        "durationId": "b5e79cbc-eef9-4578-b0fd-5094959a3b5d",
        "parent": "cc0d4487-ed60-4e78-be0d-aa6b4621bb9a"
      }
    },
    {
      "head": {
        "id": "7d9e931a-ba93-4e90-8e34-7c2bc1bd1abc",
        "name": "watch files: [\n  'D:\\\\MyApplication3\\\\hvigorfile.ts',\n  'D:\\\\MyApplication3\\\\entry\\\\hvigorfile.ts'\n]",
        "description": "",
        "type": "log"
      },
      "body": {
        "pid": 11096,
        "tid": "Main Thread",
        "startTime": 13801118344500
      },
      "additional": {
        "logType": "debug",
        "children": []
      }
    },
    {
      "head": {
        "id": "3e5bc95e-df04-451a-aaaf-419c522c37cf",
        "name": "hvigorfile, resolve hvigorfile dependencies in 30 ms ",
        "description": "",
        "type": "log"
      },
      "body": {
        "pid": 11096,
        "tid": "Main Thread",
        "startTime": 13801119038500
      },
      "additional": {
        "logType": "debug",
        "children": []
      }
    },
    {
      "head": {
        "id": "70c80236-6480-41f2-87ca-a9ae5cdf941f",
        "name": "add config dependencies",
        "description": "",
        "type": "log"
      },
      "body": {
        "pid": 11096,
        "tid": "Main Thread",
        "startTime": 13801089536800,
        "endTime": 13801119224100
      },
      "additional": {
        "logType": "info",
        "children": [],
        "durationId": "1c93db70-8ba0-4728-aafb-1d55f8685eb9",
        "parent": "cc0d4487-ed60-4e78-be0d-aa6b4621bb9a"
      }
    },
    {
      "head": {
        "id": "1fc2285c-f682-4042-a834-55caa9d0792f",
        "name": "\"nodesEvaluated\" hook function",
        "description": "",
        "type": "duration"
      },
      "body": {
        "pid": 11096,
        "tid": "Main Thread",
        "startTime": 13801120831800,
        "endTime": 13801121301900
      },
      "additional": {
        "children": [],
        "state": "success",
        "targetName": "",
        "moduleName": "",
        "category": "",
        "taskRunReasons": [],
        "parent": "bde84d21-4067-4e5a-8cd4-c62ca7823528",
        "logId": "8cde1ca6-2cd7-417d-bc09-7b5d239277ce"
      },
      "log": {
        "_logger": {
          "category": "DurationEvent",
          "context": {},
          "callStackSkipIndex": 0
        },
        "_filelogger": {
          "category": "debug-file",
          "context": {},
          "callStackSkipIndex": 0
        }
      }
    },
    {
      "head": {
        "id": "cad91ac3-d21d-4433-bda7-9dd204a5f984",
        "name": "project has submodules:entry",
        "description": "",
        "type": "log"
      },
      "body": {
        "pid": 11096,
        "tid": "Main Thread",
        "startTime": 13801120880100
      },
      "additional": {
        "logType": "debug",
        "children": []
      }
    },
    {
      "head": {
        "id": "8cde1ca6-2cd7-417d-bc09-7b5d239277ce",
        "name": "\"nodesEvaluated\" hook function",
        "description": "",
        "type": "log"
      },
      "body": {
        "pid": 11096,
        "tid": "Main Thread",
        "startTime": 13801120831800,
        "endTime": 13801121301900
      },
      "additional": {
        "logType": "info",
        "children": [],
        "durationId": "1fc2285c-f682-4042-a834-55caa9d0792f",
        "parent": "cc0d4487-ed60-4e78-be0d-aa6b4621bb9a"
      }
    },
    {
      "head": {
        "id": "2dd405d1-e979-4f86-a593-3cc239145294",
        "name": "Module MyApplication3 Collected Dependency: ",
        "description": "",
        "type": "log"
      },
      "body": {
        "pid": 11096,
        "tid": "Main Thread",
        "startTime": 13801128601800
      },
      "additional": {
        "logType": "debug",
        "children": []
      }
    },
    {
      "head": {
        "id": "8fae3e64-6af9-4c95-857d-aade0ad58bfb",
        "name": "Module MyApplication3's total dependency: 0",
        "description": "",
        "type": "log"
      },
      "body": {
        "pid": 11096,
        "tid": "Main Thread",
        "startTime": 13801128864800
      },
      "additional": {
        "logType": "debug",
        "children": []
      }
    },
    {
      "head": {
        "id": "34830ce9-a95c-443b-b7ec-610a9c3d9edb",
        "name": "Module entry Collected Dependency: ",
        "description": "",
        "type": "log"
      },
      "body": {
        "pid": 11096,
        "tid": "Main Thread",
        "startTime": 13801131476400
      },
      "additional": {
        "logType": "debug",
        "children": []
      }
    },
    {
      "head": {
        "id": "d7b9ca22-4706-48f5-97b7-a19858e85f8e",
        "name": "Module entry's total dependency: 0",
        "description": "",
        "type": "log"
      },
      "body": {
        "pid": 11096,
        "tid": "Main Thread",
        "startTime": 13801131722200
      },
      "additional": {
        "logType": "debug",
        "children": []
      }
    },
    {
      "head": {
        "id": "72f4ea11-92b3-400d-82af-82a21fc300ef",
        "name": "Configuration phase cost:254 ms ",
        "description": "",
        "type": "log"
      },
      "body": {
        "pid": 11096,
        "tid": "Main Thread",
        "startTime": 13801135485700
      },
      "additional": {
        "logType": "debug",
        "children": []
      }
    },
    {
      "head": {
        "id": "f111d44c-05d0-489c-85d8-aae69397781b",
        "name": "fin configuration",
        "description": "",
        "type": "log"
      },
      "body": {
        "pid": 11096,
        "tid": "Main Thread",
        "startTime": 13801135437700,
        "endTime": 13801135694300
      },
      "additional": {
        "logType": "info",
        "children": [],
        "durationId": "7903eec1-71f1-440e-af40-1994723d1e2d",
        "parent": "cc0d4487-ed60-4e78-be0d-aa6b4621bb9a"
      }
    },
    {
      "head": {
        "id": "cc0d4487-ed60-4e78-be0d-aa6b4621bb9a",
        "name": "configure hvigor plugin",
        "description": "",
        "type": "log"
      },
      "body": {
        "pid": 11096,
        "tid": "Main Thread",
        "startTime": 13800871776800,
        "endTime": 13801135724500
      },
      "additional": {
        "logType": "info",
        "children": [
          "df229375-04e2-4c36-a510-17b2db9ce27a",
          "89084ed0-fbd2-4b49-afa7-a948cedeec01",
          "d9bff98d-131f-4a7e-bec4-5da17631badf",
          "a8127b41-431b-41d3-8ae2-2afdb0c548c7",
          "70c80236-6480-41f2-87ca-a9ae5cdf941f",
          "f111d44c-05d0-489c-85d8-aae69397781b",
          "8cde1ca6-2cd7-417d-bc09-7b5d239277ce"
        ],
        "durationId": "bde84d21-4067-4e5a-8cd4-c62ca7823528",
        "parent": "f9f96ab0-54bf-40b9-af8b-af42f0240e1b"
      }
    },
    {
      "head": {
        "id": "3e42b11e-3256-49d5-8cc9-52ea0c5253a4",
        "name": "\"taskGraphResolved\" hook function",
        "description": "",
        "type": "duration"
      },
      "body": {
        "pid": 11096,
        "tid": "Main Thread",
        "startTime": 13801137663700,
        "endTime": 13801137693300
      },
      "additional": {
        "children": [],
        "state": "success",
        "targetName": "",
        "moduleName": "",
        "category": "",
        "taskRunReasons": [],
        "parent": "2e00186d-fa89-4cab-a905-13cdb52d9c5d",
        "logId": "5427cb28-3e5c-45e8-a71e-ecb008cd321d"
      },
      "log": {
        "_logger": {
          "category": "DurationEvent",
          "context": {},
          "callStackSkipIndex": 0
        },
        "_filelogger": {
          "category": "debug-file",
          "context": {},
          "callStackSkipIndex": 0
        }
      }
    },
    {
      "head": {
        "id": "5427cb28-3e5c-45e8-a71e-ecb008cd321d",
        "name": "\"taskGraphResolved\" hook function",
        "description": "",
        "type": "log"
      },
      "body": {
        "pid": 11096,
        "tid": "Main Thread",
        "startTime": 13801137663700,
        "endTime": 13801137693300
      },
      "additional": {
        "logType": "info",
        "children": [],
        "durationId": "3e42b11e-3256-49d5-8cc9-52ea0c5253a4",
        "parent": "f9f96ab0-54bf-40b9-af8b-af42f0240e1b"
      }
    },
    {
      "head": {
        "id": "65a485ac-b7f0-43df-903e-1e01fa69e8d4",
        "name": "build task graph",
        "description": "",
        "type": "log"
      },
      "body": {
        "pid": 11096,
        "tid": "Main Thread",
        "startTime": 13801135771400,
        "endTime": 13801137714300
      },
      "additional": {
        "logType": "info",
        "children": [],
        "durationId": "c2e774b8-720b-44a7-9bd1-1c507b0e39c1",
        "parent": "f9f96ab0-54bf-40b9-af8b-af42f0240e1b"
      }
    },
    {
      "head": {
        "id": "f75c2155-1180-4e62-a013-c47a278a7e73",
        "name": "init task execution option",
        "description": "",
        "type": "log"
      },
      "body": {
        "pid": 11096,
        "tid": "Main Thread",
        "startTime": 13801137739100,
        "endTime": 13801137753500
      },
      "additional": {
        "logType": "info",
        "children": [],
        "durationId": "a2e83e30-ed20-4b66-961b-3ef1ccca1f24",
        "parent": "f9f96ab0-54bf-40b9-af8b-af42f0240e1b"
      }
    },
    {
      "head": {
        "id": "f9f96ab0-54bf-40b9-af8b-af42f0240e1b",
        "name": "init",
        "description": "",
        "type": "log"
      },
      "body": {
        "pid": 11096,
        "tid": "Main Thread",
        "startTime": 13800851383600,
        "endTime": 13801137759700
      },
      "additional": {
        "logType": "info",
        "children": [
          "b025d949-1558-41dd-8ed9-d1ea46c1d770",
          "cc0d4487-ed60-4e78-be0d-aa6b4621bb9a",
          "65a485ac-b7f0-43df-903e-1e01fa69e8d4",
          "f75c2155-1180-4e62-a013-c47a278a7e73",
          "337e036e-6886-474d-b4d2-c341e81f4eea",
          "255e1357-d2cf-409a-880d-0aca37689bfa",
          "5427cb28-3e5c-45e8-a71e-ecb008cd321d"
        ],
        "durationId": "2e00186d-fa89-4cab-a905-13cdb52d9c5d"
      }
    },
    {
      "head": {
        "id": "b2966eda-d095-4a59-aa0d-3c8ab4635d60",
        "name": "Configuration task cost before running: 292 ms ",
        "description": "",
        "type": "log"
      },
      "body": {
        "pid": 11096,
        "tid": "Main Thread",
        "startTime": 13801137991600
      },
      "additional": {
        "logType": "debug",
        "children": []
      }
    },
    {
      "head": {
        "id": "c35e2115-fc55-4d65-9fce-700df4890bf3",
        "name": "entry:clean",
        "description": "Clear the cache information.",
        "type": "duration"
      },
      "body": {
        "pid": 11096,
        "tid": "Main Thread",
        "startTime": 13801141088800,
        "endTime": 13801273327300
      },
      "additional": {
        "children": [],
        "state": "success",
        "targetName": "",
        "moduleName": "entry",
        "category": "Other",
        "taskRunReasons": [],
        "detailId": "7cf5509b-eb46-490a-943a-3375d5296a1f",
        "logId": "9ba2b9e8-bea4-4c29-bc5c-c2f155a7a1c9"
      },
      "log": {
        "_logger": {
          "category": "DurationEvent",
          "context": {},
          "callStackSkipIndex": 0
        },
        "_filelogger": {
          "category": "debug-file",
          "context": {},
          "callStackSkipIndex": 0
        }
      }
    },
    {
      "head": {
        "id": "7cf5509b-eb46-490a-943a-3375d5296a1f",
        "name": "create entry:clean task",
        "description": "",
        "type": "log"
      },
      "body": {
        "pid": 11096,
        "tid": "Main Thread",
        "startTime": 13801140158300
      },
      "additional": {
        "logType": "detail",
        "children": [],
        "durationId": "c35e2115-fc55-4d65-9fce-700df4890bf3"
      }
    },
    {
      "head": {
        "id": "3e5d516f-6e42-43bb-87a6-a3c08f03dbf7",
        "name": "Executing task :entry:clean",
        "description": "",
        "type": "log"
      },
      "body": {
        "pid": 11096,
        "tid": "Main Thread",
        "startTime": 13801141110600
      },
      "additional": {
        "logType": "debug",
        "children": []
      }
    },
    {
      "head": {
        "id": "162459dd-14a4-4248-a459-5b993d6709a1",
        "name": "clean: Start terminating worker pool.",
        "description": "",
        "type": "log"
      },
      "body": {
        "pid": 11096,
        "tid": "Main Thread",
        "startTime": 13801142110200
      },
      "additional": {
        "logType": "debug",
        "children": []
      }
    },
    {
      "head": {
        "id": "fb173576-45bf-4dbd-a687-562e2f9b9d23",
        "name": "Current worker pool is stopped or closed.",
        "description": "",
        "type": "log"
      },
      "body": {
        "pid": 11096,
        "tid": "Main Thread",
        "startTime": 13801142289700
      },
      "additional": {
        "logType": "debug",
        "children": []
      }
    },
    {
      "head": {
        "id": "8d91a6cb-f919-41dc-a6cc-06eb42eda7a4",
        "name": "Clear worker 0.",
        "description": "",
        "type": "log"
      },
      "body": {
        "pid": 11096,
        "tid": "Main Thread",
        "startTime": 13801142393700
      },
      "additional": {
        "logType": "debug",
        "children": []
      }
    },
    {
      "head": {
        "id": "5ab14732-885d-4054-821d-a08b8381be37",
        "name": "Worker 0 has been cleared.",
        "description": "",
        "type": "log"
      },
      "body": {
        "pid": 11096,
        "tid": "Main Thread",
        "startTime": 13801142525700
      },
      "additional": {
        "logType": "debug",
        "children": []
      }
    },
    {
      "head": {
        "id": "5581176c-ad96-4399-b700-0791dfb5b70b",
        "name": "Current idle worker size: 0.",
        "description": "",
        "type": "log"
      },
      "body": {
        "pid": 11096,
        "tid": "Main Thread",
        "startTime": 13801142584800
      },
      "additional": {
        "logType": "debug",
        "children": []
      }
    },
    {
      "head": {
        "id": "cc129d8c-7e11-45c3-b88a-3a59768566c8",
        "name": "Current busy worker size: 0.",
        "description": "",
        "type": "log"
      },
      "body": {
        "pid": 11096,
        "tid": "Main Thread",
        "startTime": 13801142641500
      },
      "additional": {
        "logType": "debug",
        "children": []
      }
    },
    {
      "head": {
        "id": "4434a597-7419-4f09-b2bc-55a9057d0f7c",
        "name": "Current worker pool is terminated.",
        "description": "",
        "type": "log"
      },
      "body": {
        "pid": 11096,
        "tid": "Main Thread",
        "startTime": 13801142716800
      },
      "additional": {
        "logType": "debug",
        "children": []
      }
    },
    {
      "head": {
        "id": "25deec3c-5a5f-435f-a555-72801ba37b1f",
        "name": "clean: Terminating worker pool finished.",
        "description": "",
        "type": "log"
      },
      "body": {
        "pid": 11096,
        "tid": "Main Thread",
        "startTime": 13801142772100
      },
      "additional": {
        "logType": "debug",
        "children": []
      }
    },
    {
      "head": {
        "id": "9d3e4a5b-268f-4005-bb9b-100ce297e8ee",
        "name": "entry : clean cost memory -0.39989471435546875",
        "description": "",
        "type": "log"
      },
      "body": {
        "pid": 11096,
        "tid": "Main Thread",
        "startTime": 13801272575400
      },
      "additional": {
        "logType": "debug",
        "children": []
      }
    },
    {
      "head": {
        "id": "ae4e0f3e-ca12-400a-aa78-fe9e72737951",
        "name": "runTaskFromQueue task cost before running: 427 ms ",
        "description": "",
        "type": "log"
      },
      "body": {
        "pid": 11096,
        "tid": "Main Thread",
        "startTime": 13801273067100
      },
      "additional": {
        "logType": "debug",
        "children": []
      }
    },
    {
      "head": {
        "id": "9ba2b9e8-bea4-4c29-bc5c-c2f155a7a1c9",
        "name": "Finished :entry:clean",
        "description": "Clear the cache information.",
        "type": "log"
      },
      "body": {
        "pid": 11096,
        "tid": "Main Thread",
        "startTime": 13801141088800,
        "endTime": 13801273327300,
        "totalTime": 131897700
      },
      "additional": {
        "logType": "info",
        "children": [],
        "durationId": "c35e2115-fc55-4d65-9fce-700df4890bf3"
      }
    },
    {
      "head": {
        "id": "71854941-855b-44d0-b112-f9e7e4e7d9ee",
        "name": "Executing task ::clean",
        "description": "",
        "type": "log"
      },
      "body": {
        "pid": 11096,
        "tid": "Main Thread",
        "startTime": 13801273904100
      },
      "additional": {
        "logType": "debug",
        "children": []
      }
    },
    {
      "head": {
        "id": "bf4c9106-308b-4dd8-ae4c-74074352a05e",
        "name": "clean: Worker pool is inactive.",
        "description": "",
        "type": "log"
      },
      "body": {
        "pid": 11096,
        "tid": "Main Thread",
        "startTime": 13801274084600
      },
      "additional": {
        "logType": "debug",
        "children": []
      }
    },
    {
      "head": {
        "id": "c5c56107-6b72-4211-b03d-ec4691e0e80c",
        "name": "MyApplication3 : clean cost memory 0.0335845947265625",
        "description": "",
        "type": "log"
      },
      "body": {
        "pid": 11096,
        "tid": "Main Thread",
        "startTime": 13801276561400
      },
      "additional": {
        "logType": "debug",
        "children": []
      }
    },
    {
      "head": {
        "id": "c692ee1d-800c-4e12-ac91-2b6ef4560a2d",
        "name": "runTaskFromQueue task cost before running: 431 ms ",
        "description": "",
        "type": "log"
      },
      "body": {
        "pid": 11096,
        "tid": "Main Thread",
        "startTime": 13801277093400
      },
      "additional": {
        "logType": "debug",
        "children": []
      }
    },
    {
      "head": {
        "id": "087c7767-c43d-4e51-824c-8d0cd0ddd77b",
        "name": "Finished ::clean",
        "description": "Clear the cache information.",
        "type": "log"
      },
      "body": {
        "pid": 11096,
        "tid": "Main Thread",
        "startTime": 13801273888700,
        "endTime": 13801277378400,
        "totalTime": 3124000
      },
      "additional": {
        "logType": "info",
        "children": [],
        "durationId": "774deb65-2cc8-4ea4-9a94-c68ef94eb113"
      }
    },
    {
      "head": {
        "id": "b82be04b-2191-4507-9af7-094e6b980406",
        "name": "\"buildFinished\" hook function",
        "description": "",
        "type": "duration"
      },
      "body": {
        "pid": 11096,
        "tid": "Main Thread",
        "startTime": 13801304540400,
        "endTime": 13801304610900
      },
      "additional": {
        "children": [],
        "state": "success",
        "targetName": "",
        "moduleName": "",
        "category": "",
        "taskRunReasons": [],
        "parent": "396ab92b-776f-4c0d-b920-67c9f909aa28",
        "logId": "c0614915-1ae5-4ccb-97df-6f02a7686399"
      },
      "log": {
        "_logger": {
          "category": "DurationEvent",
          "context": {},
          "callStackSkipIndex": 0
        },
        "_filelogger": {
          "category": "debug-file",
          "context": {},
          "callStackSkipIndex": 0
        }
      }
    },
    {
      "head": {
        "id": "c0614915-1ae5-4ccb-97df-6f02a7686399",
        "name": "\"buildFinished\" hook function",
        "description": "",
        "type": "log"
      },
      "body": {
        "pid": 11096,
        "tid": "Main Thread",
        "startTime": 13801304540400,
        "endTime": 13801304610900
      },
      "additional": {
        "logType": "info",
        "children": [],
        "durationId": "b82be04b-2191-4507-9af7-094e6b980406"
      }
    },
    {
      "head": {
        "id": "33f297d9-ffca-4a06-8f44-41f715adfc84",
        "name": "BUILD SUCCESSFUL in 459 ms ",
        "description": "",
        "type": "log"
      },
      "body": {
        "pid": 11096,
        "tid": "Main Thread",
        "startTime": 13801304734600
      },
      "additional": {
        "logType": "info",
        "children": []
      }
    },
    {
      "head": {
        "id": "364e645d-6e0f-4388-875c-d781e2871dc6",
        "name": "clean",
        "description": "",
        "type": "mark"
      },
      "body": {
        "pid": 11096,
        "tid": "Main Thread",
        "startTime": 13800846569100,
        "endTime": 13801305275600
      },
      "additional": {
        "time": {
          "year": 2025,
          "month": 2,
          "day": 19,
          "hour": 12,
          "minute": 42
        },
        "completeCommand": "{\"completeCommand\":\"-p product=default clean --analyze=normal --parallel --incremental --daemon\",\"parallel\":true,\"prop\":[\"product=default\"],\"incremental\":true,\"_\":[\"clean\"],\"daemon\":true,\"analyze\":\"normal\"};-p product=default clean --analyze=normal --parallel --incremental --daemon",
        "hvigorVersion": "5.8.9",
        "markType": "history",
        "nodeVersion": "v18.20.1",
        "category": "clean",
        "state": "success"
      }
    }
  ],
  "workLog": []
}