{
  "version": "2.0",
  "ppid": 14724,
  "events": [
    {
      "head": {
        "id": "dd79ed44-00bd-4ff4-a2cb-1c10f8992cb0",
        "name": "hvigor build process will be closed.",
        "description": "",
        "type": "log"
      },
      "body": {
        "pid": 11096,
        "tid": "Main Thread",
        "startTime": 13290394751400
      },
      "additional": {
        "logType": "debug",
        "children": []
      }
    },
    {
      "head": {
        "id": "a9b83bbb-5182-4a3b-a25f-18a501d2c64b",
        "name": "worker[1] exits with exit code 1.",
        "description": "",
        "type": "log"
      },
      "body": {
        "pid": 11096,
        "tid": "Main Thread",
        "startTime": 13290403570300
      },
      "additional": {
        "logType": "debug",
        "children": []
      }
    },
    {
      "head": {
        "id": "5af7b5d4-6c28-4c39-875d-f9cc25628fd5",
        "name": "watch worker: worker id should be larger than 0. Nothing will be sent to any worker thread.",
        "description": "",
        "type": "log"
      },
      "body": {
        "pid": 11096,
        "tid": "Main Thread",
        "startTime": 13290407257300
      },
      "additional": {
        "logType": "debug",
        "children": []
      }
    },
    {
      "head": {
        "id": "ca2594ea-084d-40a9-9a25-3f77e054b25a",
        "name": "watch worker: worker id should be larger than 0. Nothing will be sent to any worker thread.",
        "description": "",
        "type": "log"
      },
      "body": {
        "pid": 11096,
        "tid": "Main Thread",
        "startTime": 13290408696500
      },
      "additional": {
        "logType": "debug",
        "children": []
      }
    },
    {
      "head": {
        "id": "fa6a4207-fc52-441b-bc23-a71a53d6257d",
        "name": "worker[17] exits with exit code 1.",
        "description": "",
        "type": "log"
      },
      "body": {
        "pid": 11096,
        "tid": "Main Thread",
        "startTime": 13290412422100
      },
      "additional": {
        "logType": "debug",
        "children": []
      }
    },
    {
      "head": {
        "id": "695d8693-9bbb-49a2-85f3-51cb2ab1277b",
        "name": "worker[18] exits with exit code 1.",
        "description": "",
        "type": "log"
      },
      "body": {
        "pid": 11096,
        "tid": "Main Thread",
        "startTime": 13290425205400
      },
      "additional": {
        "logType": "debug",
        "children": []
      }
    },
    {
      "head": {
        "id": "06bfe82d-3586-47af-b782-31308e6f5482",
        "name": "watch worker: worker id should be larger than 0. Nothing will be sent to any worker thread.",
        "description": "",
        "type": "log"
      },
      "body": {
        "pid": 11096,
        "tid": "Main Thread",
        "startTime": 13296804043300
      },
      "additional": {
        "logType": "debug",
        "children": []
      }
    },
    {
      "head": {
        "id": "76bc1a9d-30b5-477d-b272-19d6a94bb96b",
        "name": "init",
        "description": "Initialize and build task graph.",
        "type": "duration"
      },
      "body": {
        "pid": 11096,
        "tid": "Main Thread",
        "startTime": 13296818027600,
        "endTime": 13297551033200
      },
      "additional": {
        "children": [
          "da14f611-241a-4e89-822a-4d71cdd2d3d3",
          "34f264d4-b661-413e-9a74-94ef58e0176b",
          "be5fe5a9-d5cd-4949-b51f-ebc804a08aa0",
          "a79a1c9c-6e0d-41fe-bba6-7d8a6c396c67",
          "0e80c1ee-41ba-4a9e-9f54-48f150581887",
          "99ed3ba3-d944-4374-a19b-cbbdd6b94342",
          "661142d1-c740-4f87-b0c1-ba8cb5496a62"
        ],
        "state": "success",
        "targetName": "",
        "moduleName": "",
        "category": "Init",
        "taskRunReasons": [],
        "logId": "f480be81-174b-4a5e-9e6d-92ac0ac0ac6d"
      },
      "log": {
        "_logger": {
          "category": "DurationEvent",
          "context": {},
          "callStackSkipIndex": 0
        },
        "_filelogger": {
          "category": "debug-file",
          "context": {},
          "callStackSkipIndex": 0
        }
      }
    },
    {
      "head": {
        "id": "da14f611-241a-4e89-822a-4d71cdd2d3d3",
        "name": "create hvigor project model",
        "description": "Initialize hvigor project model.",
        "type": "duration"
      },
      "body": {
        "pid": 11096,
        "tid": "Main Thread",
        "startTime": 13296818031300,
        "endTime": 13296842836200
      },
      "additional": {
        "children": [],
        "state": "success",
        "targetName": "",
        "moduleName": "",
        "category": "",
        "taskRunReasons": [],
        "parent": "76bc1a9d-30b5-477d-b272-19d6a94bb96b",
        "logId": "95319fa4-275e-490a-8d61-952532ad7db0"
      },
      "log": {
        "_logger": {
          "category": "DurationEvent",
          "context": {},
          "callStackSkipIndex": 0
        },
        "_filelogger": {
          "category": "debug-file",
          "context": {},
          "callStackSkipIndex": 0
        }
      }
    },
    {
      "head": {
        "id": "34f264d4-b661-413e-9a74-94ef58e0176b",
        "name": "configure hvigor plugin",
        "description": "Configure hvigor plugin.",
        "type": "duration"
      },
      "body": {
        "pid": 11096,
        "tid": "Main Thread",
        "startTime": 13296842865000,
        "endTime": 13297547974000
      },
      "additional": {
        "children": [
          "1d628672-88ae-42d5-b009-e48d2772ae1d",
          "9c4a2061-fd00-428e-8959-85cf2c4a2885",
          "bc930a9f-6ed7-43b3-ae23-eafd0dbe12d3",
          "8606a9c0-445f-4596-9471-86d798748066",
          "78e60681-81a8-4029-a3bd-be2222fcf3c9",
          "e7d070a3-6d34-4bb0-bd86-98f1c1e642f3",
          "502e77b2-b02e-4426-895b-6da3c2724f8e",
          "5bc7b241-76ec-4311-93e6-34e7de0896fd",
          "091ae846-b918-4526-8917-d185e8965e21"
        ],
        "state": "success",
        "targetName": "",
        "moduleName": "",
        "category": "",
        "taskRunReasons": [],
        "parent": "76bc1a9d-30b5-477d-b272-19d6a94bb96b",
        "logId": "4bb29e99-736f-4f54-ad39-19fd43a11df9"
      },
      "log": {
        "_logger": {
          "category": "DurationEvent",
          "context": {},
          "callStackSkipIndex": 0
        },
        "_filelogger": {
          "category": "debug-file",
          "context": {},
          "callStackSkipIndex": 0
        }
      }
    },
    {
      "head": {
        "id": "be5fe5a9-d5cd-4949-b51f-ebc804a08aa0",
        "name": "build task graph",
        "description": "Build task graph.",
        "type": "duration"
      },
      "body": {
        "pid": 11096,
        "tid": "Main Thread",
        "startTime": 13297548088500,
        "endTime": 13297551010200
      },
      "additional": {
        "children": [],
        "state": "success",
        "targetName": "",
        "moduleName": "",
        "category": "",
        "taskRunReasons": [],
        "parent": "76bc1a9d-30b5-477d-b272-19d6a94bb96b",
        "logId": "d64dc5c6-9f47-4353-ba92-39981e7fb4a0"
      },
      "log": {
        "_logger": {
          "category": "DurationEvent",
          "context": {},
          "callStackSkipIndex": 0
        },
        "_filelogger": {
          "category": "debug-file",
          "context": {},
          "callStackSkipIndex": 0
        }
      }
    },
    {
      "head": {
        "id": "a79a1c9c-6e0d-41fe-bba6-7d8a6c396c67",
        "name": "init task execution option",
        "description": "Init task execution option.",
        "type": "duration"
      },
      "body": {
        "pid": 11096,
        "tid": "Main Thread",
        "startTime": 13297551017600,
        "endTime": 13297551027000
      },
      "additional": {
        "children": [],
        "state": "success",
        "targetName": "",
        "moduleName": "",
        "category": "",
        "taskRunReasons": [],
        "parent": "76bc1a9d-30b5-477d-b272-19d6a94bb96b",
        "logId": "8c441e1f-22cf-4ff5-a2f9-824b7bba9985"
      },
      "log": {
        "_logger": {
          "category": "DurationEvent",
          "context": {},
          "callStackSkipIndex": 0
        },
        "_filelogger": {
          "category": "debug-file",
          "context": {},
          "callStackSkipIndex": 0
        }
      }
    },
    {
      "head": {
        "id": "0e80c1ee-41ba-4a9e-9f54-48f150581887",
        "name": "\"configEvaluated\" hook function",
        "description": "",
        "type": "duration"
      },
      "body": {
        "pid": 11096,
        "tid": "Main Thread",
        "startTime": 13296824006600,
        "endTime": 13296824084500
      },
      "additional": {
        "children": [],
        "state": "success",
        "targetName": "",
        "moduleName": "",
        "category": "",
        "taskRunReasons": [],
        "parent": "76bc1a9d-30b5-477d-b272-19d6a94bb96b",
        "logId": "c8e84879-16eb-4d06-a86e-872c89091858"
      },
      "log": {
        "_logger": {
          "category": "DurationEvent",
          "context": {},
          "callStackSkipIndex": 0
        },
        "_filelogger": {
          "category": "debug-file",
          "context": {},
          "callStackSkipIndex": 0
        }
      }
    },
    {
      "head": {
        "id": "c8e84879-16eb-4d06-a86e-872c89091858",
        "name": "\"configEvaluated\" hook function",
        "description": "",
        "type": "log"
      },
      "body": {
        "pid": 11096,
        "tid": "Main Thread",
        "startTime": 13296824006600,
        "endTime": 13296824084500
      },
      "additional": {
        "logType": "info",
        "children": [],
        "durationId": "0e80c1ee-41ba-4a9e-9f54-48f150581887",
        "parent": "f480be81-174b-4a5e-9e6d-92ac0ac0ac6d"
      }
    },
    {
      "head": {
        "id": "99ed3ba3-d944-4374-a19b-cbbdd6b94342",
        "name": "\"nodesInitialized\" hook function",
        "description": "",
        "type": "duration"
      },
      "body": {
        "pid": 11096,
        "tid": "Main Thread",
        "startTime": 13296834098700,
        "endTime": 13296834136600
      },
      "additional": {
        "children": [],
        "state": "success",
        "targetName": "",
        "moduleName": "",
        "category": "",
        "taskRunReasons": [],
        "parent": "76bc1a9d-30b5-477d-b272-19d6a94bb96b",
        "logId": "b48a9baf-fd59-49d9-8a31-bd572b3b381a"
      },
      "log": {
        "_logger": {
          "category": "DurationEvent",
          "context": {},
          "callStackSkipIndex": 0
        },
        "_filelogger": {
          "category": "debug-file",
          "context": {},
          "callStackSkipIndex": 0
        }
      }
    },
    {
      "head": {
        "id": "b48a9baf-fd59-49d9-8a31-bd572b3b381a",
        "name": "\"nodesInitialized\" hook function",
        "description": "",
        "type": "log"
      },
      "body": {
        "pid": 11096,
        "tid": "Main Thread",
        "startTime": 13296834098700,
        "endTime": 13296834136600
      },
      "additional": {
        "logType": "info",
        "children": [],
        "durationId": "99ed3ba3-d944-4374-a19b-cbbdd6b94342",
        "parent": "f480be81-174b-4a5e-9e6d-92ac0ac0ac6d"
      }
    },
    {
      "head": {
        "id": "81d13e80-c783-4fc3-9797-69e38a5232aa",
        "name": "Hvigor init with startParameters:{\n  hvigorfileTypeCheck: false,\n  parallelExecution: true,\n  incrementalExecution: true,\n  printStackTrace: false,\n  daemon: true,\n  analyze: 0,\n  logLevel: Level { level: 20000, levelStr: 'INFO', colour: 'green' }\n}",
        "description": "",
        "type": "log"
      },
      "body": {
        "pid": 11096,
        "tid": "Main Thread",
        "startTime": 13296834279700
      },
      "additional": {
        "logType": "debug",
        "children": []
      }
    },
    {
      "head": {
        "id": "00b18ec5-cb42-4f6a-98cc-f7040493b830",
        "name": "Cache service initialization finished in 9 ms ",
        "description": "",
        "type": "log"
      },
      "body": {
        "pid": 11096,
        "tid": "Main Thread",
        "startTime": 13296842606800
      },
      "additional": {
        "logType": "debug",
        "children": []
      }
    },
    {
      "head": {
        "id": "95319fa4-275e-490a-8d61-952532ad7db0",
        "name": "create hvigor project model",
        "description": "",
        "type": "log"
      },
      "body": {
        "pid": 11096,
        "tid": "Main Thread",
        "startTime": 13296818031300,
        "endTime": 13296842836200
      },
      "additional": {
        "logType": "info",
        "children": [],
        "durationId": "da14f611-241a-4e89-822a-4d71cdd2d3d3",
        "parent": "f480be81-174b-4a5e-9e6d-92ac0ac0ac6d"
      }
    },
    {
      "head": {
        "id": "1d628672-88ae-42d5-b009-e48d2772ae1d",
        "name": "init configuration",
        "description": "Initialize configuration.",
        "type": "duration"
      },
      "body": {
        "pid": 11096,
        "tid": "Main Thread",
        "startTime": 13296855368000,
        "endTime": 13296855385600
      },
      "additional": {
        "children": [],
        "state": "success",
        "targetName": "",
        "moduleName": "",
        "category": "",
        "taskRunReasons": [],
        "parent": "34f264d4-b661-413e-9a74-94ef58e0176b",
        "logId": "e000abb5-3156-4781-8d14-28d8505bd611"
      },
      "log": {
        "_logger": {
          "category": "DurationEvent",
          "context": {},
          "callStackSkipIndex": 0
        },
        "_filelogger": {
          "category": "debug-file",
          "context": {},
          "callStackSkipIndex": 0
        }
      }
    },
    {
      "head": {
        "id": "9c4a2061-fd00-428e-8959-85cf2c4a2885",
        "name": "configure project task",
        "description": "Configure project task.",
        "type": "duration"
      },
      "body": {
        "pid": 11096,
        "tid": "Main Thread",
        "startTime": 13296855409500,
        "endTime": 13296863580900
      },
      "additional": {
        "children": [],
        "state": "success",
        "targetName": "",
        "moduleName": "",
        "category": "",
        "taskRunReasons": [],
        "parent": "34f264d4-b661-413e-9a74-94ef58e0176b",
        "logId": "60e2c471-9f8e-4623-aca2-6600cf92c8e2"
      },
      "log": {
        "_logger": {
          "category": "DurationEvent",
          "context": {},
          "callStackSkipIndex": 0
        },
        "_filelogger": {
          "category": "debug-file",
          "context": {},
          "callStackSkipIndex": 0
        }
      }
    },
    {
      "head": {
        "id": "bc930a9f-6ed7-43b3-ae23-eafd0dbe12d3",
        "name": "eval project",
        "description": "Evaluate project.",
        "type": "duration"
      },
      "body": {
        "pid": 11096,
        "tid": "Main Thread",
        "startTime": 13296863602200,
        "endTime": 13297426842500
      },
      "additional": {
        "children": [
          "e8986d86-7f6a-492d-9440-534fada40805",
          "c76c3014-4a9d-404a-b257-7ed7de0abb4e",
          "60b57030-24c1-4754-addd-7a1fa3b993a6"
        ],
        "state": "success",
        "targetName": "",
        "moduleName": "",
        "category": "",
        "taskRunReasons": [],
        "parent": "34f264d4-b661-413e-9a74-94ef58e0176b",
        "logId": "11829322-0866-403e-b1d0-aa1121f59365"
      },
      "log": {
        "_logger": {
          "category": "DurationEvent",
          "context": {},
          "callStackSkipIndex": 0
        },
        "_filelogger": {
          "category": "debug-file",
          "context": {},
          "callStackSkipIndex": 0
        }
      }
    },
    {
      "head": {
        "id": "8606a9c0-445f-4596-9471-86d798748066",
        "name": "eval modules",
        "description": "Evaluate modules.",
        "type": "duration"
      },
      "body": {
        "pid": 11096,
        "tid": "Main Thread",
        "startTime": 13297426871000,
        "endTime": 13297489892900
      },
      "additional": {
        "children": [
          "376d7792-656c-4ec2-ac66-c17e414c4de5"
        ],
        "state": "success",
        "targetName": "",
        "moduleName": "",
        "category": "",
        "taskRunReasons": [],
        "parent": "34f264d4-b661-413e-9a74-94ef58e0176b",
        "logId": "a82d36c8-98c9-4c46-8f3e-ed0690fc9973"
      },
      "log": {
        "_logger": {
          "category": "DurationEvent",
          "context": {},
          "callStackSkipIndex": 0
        },
        "_filelogger": {
          "category": "debug-file",
          "context": {},
          "callStackSkipIndex": 0
        }
      }
    },
    {
      "head": {
        "id": "78e60681-81a8-4029-a3bd-be2222fcf3c9",
        "name": "add config dependencies",
        "description": "Add configuration dependencies.",
        "type": "duration"
      },
      "body": {
        "pid": 11096,
        "tid": "Main Thread",
        "startTime": 13297489911400,
        "endTime": 13297525141900
      },
      "additional": {
        "children": [],
        "state": "success",
        "targetName": "",
        "moduleName": "",
        "category": "",
        "taskRunReasons": [],
        "parent": "34f264d4-b661-413e-9a74-94ef58e0176b",
        "logId": "7c690ff6-bbd1-4b5c-ad77-9a64416478c4"
      },
      "log": {
        "_logger": {
          "category": "DurationEvent",
          "context": {},
          "callStackSkipIndex": 0
        },
        "_filelogger": {
          "category": "debug-file",
          "context": {},
          "callStackSkipIndex": 0
        }
      }
    },
    {
      "head": {
        "id": "e7d070a3-6d34-4bb0-bd86-98f1c1e642f3",
        "name": "exec before all nodes",
        "description": "Execute before all nodes evaluated.",
        "type": "duration"
      },
      "body": {
        "pid": 11096,
        "tid": "Main Thread",
        "startTime": 13296849741200,
        "endTime": 13297547987400
      },
      "additional": {
        "children": [],
        "state": "success",
        "targetName": "",
        "moduleName": "",
        "category": "",
        "taskRunReasons": [],
        "parent": "34f264d4-b661-413e-9a74-94ef58e0176b"
      },
      "log": {
        "_logger": {
          "category": "DurationEvent",
          "context": {},
          "callStackSkipIndex": 0
        },
        "_filelogger": {
          "category": "debug-file",
          "context": {},
          "callStackSkipIndex": 0
        }
      }
    },
    {
      "head": {
        "id": "502e77b2-b02e-4426-895b-6da3c2724f8e",
        "name": "exec after all nodes",
        "description": "Execute after all nodes evaluated.",
        "type": "duration"
      },
      "body": {
        "pid": 11096,
        "tid": "Main Thread",
        "startTime": 13296851096100,
        "endTime": 13297547990700
      },
      "additional": {
        "children": [],
        "state": "success",
        "targetName": "",
        "moduleName": "",
        "category": "",
        "taskRunReasons": [],
        "parent": "34f264d4-b661-413e-9a74-94ef58e0176b"
      },
      "log": {
        "_logger": {
          "category": "DurationEvent",
          "context": {},
          "callStackSkipIndex": 0
        },
        "_filelogger": {
          "category": "debug-file",
          "context": {},
          "callStackSkipIndex": 0
        }
      }
    },
    {
      "head": {
        "id": "5bc7b241-76ec-4311-93e6-34e7de0896fd",
        "name": "fin configuration",
        "description": "Finish configuration.",
        "type": "duration"
      },
      "body": {
        "pid": 11096,
        "tid": "Main Thread",
        "startTime": 13297547618800,
        "endTime": 13297547931700
      },
      "additional": {
        "children": [],
        "state": "success",
        "targetName": "",
        "moduleName": "",
        "category": "",
        "taskRunReasons": [],
        "parent": "34f264d4-b661-413e-9a74-94ef58e0176b",
        "logId": "9f62a214-33f2-487a-ac70-66e9b118a887"
      },
      "log": {
        "_logger": {
          "category": "DurationEvent",
          "context": {},
          "callStackSkipIndex": 0
        },
        "_filelogger": {
          "category": "debug-file",
          "context": {},
          "callStackSkipIndex": 0
        }
      }
    },
    {
      "head": {
        "id": "e000abb5-3156-4781-8d14-28d8505bd611",
        "name": "init configuration",
        "description": "",
        "type": "log"
      },
      "body": {
        "pid": 11096,
        "tid": "Main Thread",
        "startTime": 13296855368000,
        "endTime": 13296855385600
      },
      "additional": {
        "logType": "info",
        "children": [],
        "durationId": "1d628672-88ae-42d5-b009-e48d2772ae1d",
        "parent": "4bb29e99-736f-4f54-ad39-19fd43a11df9"
      }
    },
    {
      "head": {
        "id": "60e2c471-9f8e-4623-aca2-6600cf92c8e2",
        "name": "configure project task",
        "description": "",
        "type": "log"
      },
      "body": {
        "pid": 11096,
        "tid": "Main Thread",
        "startTime": 13296855409500,
        "endTime": 13296863580900
      },
      "additional": {
        "logType": "info",
        "children": [],
        "durationId": "9c4a2061-fd00-428e-8959-85cf2c4a2885",
        "parent": "4bb29e99-736f-4f54-ad39-19fd43a11df9"
      }
    },
    {
      "head": {
        "id": "e8986d86-7f6a-492d-9440-534fada40805",
        "name": "\"beforeNodeEvaluate\" hook function",
        "description": "",
        "type": "duration"
      },
      "body": {
        "pid": 11096,
        "tid": "Main Thread",
        "startTime": 13296864960800,
        "endTime": 13296864994600
      },
      "additional": {
        "children": [],
        "state": "success",
        "targetName": "",
        "moduleName": "",
        "category": "",
        "taskRunReasons": [],
        "parent": "bc930a9f-6ed7-43b3-ae23-eafd0dbe12d3",
        "logId": "746ae30b-de87-41e5-a7e3-58f2d37891a8"
      },
      "log": {
        "_logger": {
          "category": "DurationEvent",
          "context": {},
          "callStackSkipIndex": 0
        },
        "_filelogger": {
          "category": "debug-file",
          "context": {},
          "callStackSkipIndex": 0
        }
      }
    },
    {
      "head": {
        "id": "746ae30b-de87-41e5-a7e3-58f2d37891a8",
        "name": "\"beforeNodeEvaluate\" hook function",
        "description": "",
        "type": "log"
      },
      "body": {
        "pid": 11096,
        "tid": "Main Thread",
        "startTime": 13296864960800,
        "endTime": 13296864994600
      },
      "additional": {
        "logType": "info",
        "children": [],
        "durationId": "e8986d86-7f6a-492d-9440-534fada40805",
        "parent": "11829322-0866-403e-b1d0-aa1121f59365"
      }
    },
    {
      "head": {
        "id": "c76c3014-4a9d-404a-b257-7ed7de0abb4e",
        "name": "eval hvigorfile",
        "description": "Evaluate hvigorfile.",
        "type": "duration"
      },
      "body": {
        "pid": 11096,
        "tid": "Main Thread",
        "startTime": 13296869135400,
        "endTime": 13297425283300
      },
      "additional": {
        "children": [
          "0e8c9310-bc66-450a-b3b1-3efd1b0298b2",
          "e1c32ca5-ea0a-45b3-b64b-0220c45e26d0"
        ],
        "state": "success",
        "targetName": "",
        "moduleName": "",
        "category": "",
        "taskRunReasons": [],
        "parent": "bc930a9f-6ed7-43b3-ae23-eafd0dbe12d3",
        "logId": "cf944155-44d1-4d6d-a821-0574363b5d31"
      },
      "log": {
        "_logger": {
          "category": "DurationEvent",
          "context": {},
          "callStackSkipIndex": 0
        },
        "_filelogger": {
          "category": "debug-file",
          "context": {},
          "callStackSkipIndex": 0
        }
      }
    },
    {
      "head": {
        "id": "0e8c9310-bc66-450a-b3b1-3efd1b0298b2",
        "name": "require hvigorfile",
        "description": "Require hvigorfile.",
        "type": "duration"
      },
      "body": {
        "pid": 11096,
        "tid": "Main Thread",
        "startTime": 13296869138400,
        "endTime": 13296876732000
      },
      "additional": {
        "children": [],
        "state": "success",
        "targetName": "",
        "moduleName": "",
        "category": "",
        "taskRunReasons": [],
        "parent": "c76c3014-4a9d-404a-b257-7ed7de0abb4e",
        "logId": "49fa74ba-9e71-4023-813e-02fce17fc134"
      },
      "log": {
        "_logger": {
          "category": "DurationEvent",
          "context": {},
          "callStackSkipIndex": 0
        },
        "_filelogger": {
          "category": "debug-file",
          "context": {},
          "callStackSkipIndex": 0
        }
      }
    },
    {
      "head": {
        "id": "e1c32ca5-ea0a-45b3-b64b-0220c45e26d0",
        "name": "bind plugins",
        "description": "Bind plugins.",
        "type": "duration"
      },
      "body": {
        "pid": 11096,
        "tid": "Main Thread",
        "startTime": 13296876774300,
        "endTime": 13297425253900
      },
      "additional": {
        "children": [],
        "state": "success",
        "targetName": "",
        "moduleName": "",
        "category": "",
        "taskRunReasons": [],
        "parent": "c76c3014-4a9d-404a-b257-7ed7de0abb4e",
        "logId": "dea48f42-8de5-4b36-9cd2-069513809456"
      },
      "log": {
        "_logger": {
          "category": "DurationEvent",
          "context": {},
          "callStackSkipIndex": 0
        },
        "_filelogger": {
          "category": "debug-file",
          "context": {},
          "callStackSkipIndex": 0
        }
      }
    },
    {
      "head": {
        "id": "27b3614e-712d-4350-b381-6484e50aec8a",
        "name": "hvigorfile, resolving D:\\MyApplication3\\hvigorfile.ts",
        "description": "",
        "type": "log"
      },
      "body": {
        "pid": 11096,
        "tid": "Main Thread",
        "startTime": 13296869146100
      },
      "additional": {
        "logType": "debug",
        "children": []
      }
    },
    {
      "head": {
        "id": "6befcc48-e845-4151-a4d7-c5adbfc60c0e",
        "name": "hvigorfile, require result:  { default: { system: [Function: appTasks], plugins: [] } }",
        "description": "",
        "type": "log"
      },
      "body": {
        "pid": 11096,
        "tid": "Main Thread",
        "startTime": 13296876388500
      },
      "additional": {
        "logType": "debug",
        "children": []
      }
    },
    {
      "head": {
        "id": "49fa74ba-9e71-4023-813e-02fce17fc134",
        "name": "require hvigorfile",
        "description": "",
        "type": "log"
      },
      "body": {
        "pid": 11096,
        "tid": "Main Thread",
        "startTime": 13296869138400,
        "endTime": 13296876732000
      },
      "additional": {
        "logType": "info",
        "children": [],
        "durationId": "0e8c9310-bc66-450a-b3b1-3efd1b0298b2",
        "parent": "cf944155-44d1-4d6d-a821-0574363b5d31"
      }
    },
    {
      "head": {
        "id": "92aed025-756f-44a8-9611-a09d3619e41f",
        "name": "hvigorfile, binding system plugins [Function: appTasks]",
        "description": "",
        "type": "log"
      },
      "body": {
        "pid": 11096,
        "tid": "Main Thread",
        "startTime": 13296876799600
      },
      "additional": {
        "logType": "debug",
        "children": []
      }
    },
    {
      "head": {
        "id": "de72ea09-d94b-4ade-ae9d-6547f3b09806",
        "name": "Start initialize project's product build option map with build mode debug.",
        "description": "",
        "type": "log"
      },
      "body": {
        "pid": 11096,
        "tid": "Main Thread",
        "startTime": 13297297921800
      },
      "additional": {
        "logType": "debug",
        "children": []
      }
    },
    {
      "head": {
        "id": "dc641462-2855-43c2-91a9-2e8f663a5a57",
        "name": "Picking option from product 'default' with build mode 'debug'.",
        "description": "",
        "type": "log"
      },
      "body": {
        "pid": 11096,
        "tid": "Main Thread",
        "startTime": 13297298220700
      },
      "additional": {
        "logType": "debug",
        "children": []
      }
    },
    {
      "head": {
        "id": "557be2f8-8786-4d19-a289-7951431800d8",
        "name": "Product 'default' build option: {}",
        "description": "",
        "type": "log"
      },
      "body": {
        "pid": 11096,
        "tid": "Main Thread",
        "startTime": 13297298554200
      },
      "additional": {
        "logType": "debug",
        "children": []
      }
    },
    {
      "head": {
        "id": "ffb762e9-acf7-468e-8b33-43af08dcd617",
        "name": "End initialize project's product build option map with build mode 'debug'.",
        "description": "",
        "type": "log"
      },
      "body": {
        "pid": 11096,
        "tid": "Main Thread",
        "startTime": 13297298755800
      },
      "additional": {
        "logType": "debug",
        "children": []
      }
    },
    {
      "head": {
        "id": "7885abca-f313-4aca-8f3a-bea3972b9ad0",
        "name": "Product 'default' using build option: {\n  \"debuggable\": true,\n  \"strictMode\": {\n    \"caseSensitiveCheck\": true,\n    \"useNormalizedOHMUrl\": true\n  }\n} in this build.",
        "description": "",
        "type": "log"
      },
      "body": {
        "pid": 11096,
        "tid": "Main Thread",
        "startTime": 13297302256600
      },
      "additional": {
        "logType": "debug",
        "children": []
      }
    },
    {
      "head": {
        "id": "127ea0d2-3d56-4965-8760-ff619007e51f",
        "name": "No signingConfig found, initRemoteHspCache failed.",
        "description": "",
        "type": "log"
      },
      "body": {
        "pid": 11096,
        "tid": "Main Thread",
        "startTime": 13297311906000
      },
      "additional": {
        "logType": "debug",
        "children": []
      }
    },
    {
      "head": {
        "id": "641cd6f5-6b51-4cd6-a8e2-9d63fe1d7bd3",
        "name": "Start recording SDK configuration permission data.",
        "description": "",
        "type": "log"
      },
      "body": {
        "pid": 11096,
        "tid": "Main Thread",
        "startTime": 13297331733500
      },
      "additional": {
        "logType": "debug",
        "children": []
      }
    },
    {
      "head": {
        "id": "1467932e-7b59-41c1-b0e7-d8757f52d323",
        "name": "Sdk init in 65 ms ",
        "description": "",
        "type": "log"
      },
      "body": {
        "pid": 11096,
        "tid": "Main Thread",
        "startTime": 13297378903200
      },
      "additional": {
        "logType": "debug",
        "children": []
      }
    },
    {
      "head": {
        "id": "8bc35c17-d45a-40db-9799-29af13ada0c8",
        "name": "sdkVersion",
        "description": "5.0.0.71",
        "type": "mark"
      },
      "body": {
        "pid": 11096,
        "tid": "Main Thread",
        "startTime": 13297379255400
      },
      "additional": {
        "time": {
          "year": 2025,
          "month": 2,
          "day": 19,
          "hour": 12,
          "minute": 33
        },
        "markType": "other"
      }
    },
    {
      "head": {
        "id": "3f968a3b-3a90-486f-b17e-d5b2e2d26125",
        "name": "caseSensitiveCheckOn",
        "description": "caseSensitiveCheck check is on",
        "type": "mark"
      },
      "body": {
        "pid": 11096,
        "tid": "Main Thread",
        "startTime": 13297379385700
      },
      "additional": {
        "time": {
          "year": 2025,
          "month": 2,
          "day": 19,
          "hour": 12,
          "minute": 33
        },
        "markType": "other"
      }
    },
    {
      "head": {
        "id": "e2c2ef84-e491-4b69-ba4e-19a671ec136b",
        "name": ":clean",
        "description": "Clear the cache information.",
        "type": "duration"
      },
      "body": {
        "pid": 11096,
        "tid": "Main Thread",
        "startTime": 13297671205900,
        "endTime": 13297673493500
      },
      "additional": {
        "children": [],
        "state": "success",
        "targetName": "",
        "moduleName": "",
        "category": "Other",
        "taskRunReasons": [],
        "detailId": "94001681-3332-417f-bdb6-79ccc69731a5",
        "logId": "707dcd26-ecfe-46c6-ad9d-896d48f76edd"
      },
      "log": {
        "_logger": {
          "category": "DurationEvent",
          "context": {},
          "callStackSkipIndex": 0
        },
        "_filelogger": {
          "category": "debug-file",
          "context": {},
          "callStackSkipIndex": 0
        }
      }
    },
    {
      "head": {
        "id": "94001681-3332-417f-bdb6-79ccc69731a5",
        "name": "create :clean task",
        "description": "",
        "type": "log"
      },
      "body": {
        "pid": 11096,
        "tid": "Main Thread",
        "startTime": 13297387232300
      },
      "additional": {
        "logType": "detail",
        "children": [],
        "durationId": "e2c2ef84-e491-4b69-ba4e-19a671ec136b"
      }
    },
    {
      "head": {
        "id": "b6e67c09-7537-45e3-a691-e4cdd51a31ba",
        "name": "Project task initialization takes 43 ms ",
        "description": "",
        "type": "log"
      },
      "body": {
        "pid": 11096,
        "tid": "Main Thread",
        "startTime": 13297424533400
      },
      "additional": {
        "logType": "debug",
        "children": []
      }
    },
    {
      "head": {
        "id": "bfc755fc-3cac-4c8c-9d65-a64ce030ab3a",
        "name": "hvigorfile, binding custom plugins []",
        "description": "",
        "type": "log"
      },
      "body": {
        "pid": 11096,
        "tid": "Main Thread",
        "startTime": 13297424833500
      },
      "additional": {
        "logType": "debug",
        "children": []
      }
    },
    {
      "head": {
        "id": "ce49dd38-2f9a-4dd0-be5f-fb8b2aaf0d61",
        "name": "hvigorfile, no custom plugins were found in D:\\MyApplication3\\hvigorfile.ts",
        "description": "",
        "type": "log"
      },
      "body": {
        "pid": 11096,
        "tid": "Main Thread",
        "startTime": 13297425030300
      },
      "additional": {
        "logType": "debug",
        "children": []
      }
    },
    {
      "head": {
        "id": "4fcdd87b-5a4b-4ce8-a921-cc538ef581b2",
        "name": "hvigorfile, resolve finished D:\\MyApplication3\\hvigorfile.ts",
        "description": "",
        "type": "log"
      },
      "body": {
        "pid": 11096,
        "tid": "Main Thread",
        "startTime": 13297425149900
      },
      "additional": {
        "logType": "debug",
        "children": []
      }
    },
    {
      "head": {
        "id": "dea48f42-8de5-4b36-9cd2-069513809456",
        "name": "bind plugins",
        "description": "",
        "type": "log"
      },
      "body": {
        "pid": 11096,
        "tid": "Main Thread",
        "startTime": 13296876774300,
        "endTime": 13297425253900
      },
      "additional": {
        "logType": "info",
        "children": [],
        "durationId": "e1c32ca5-ea0a-45b3-b64b-0220c45e26d0",
        "parent": "cf944155-44d1-4d6d-a821-0574363b5d31"
      }
    },
    {
      "head": {
        "id": "cf944155-44d1-4d6d-a821-0574363b5d31",
        "name": "eval hvigorfile",
        "description": "",
        "type": "log"
      },
      "body": {
        "pid": 11096,
        "tid": "Main Thread",
        "startTime": 13296869135400,
        "endTime": 13297425283300
      },
      "additional": {
        "logType": "info",
        "children": [
          "49fa74ba-9e71-4023-813e-02fce17fc134",
          "dea48f42-8de5-4b36-9cd2-069513809456"
        ],
        "durationId": "c76c3014-4a9d-404a-b257-7ed7de0abb4e",
        "parent": "11829322-0866-403e-b1d0-aa1121f59365"
      }
    },
    {
      "head": {
        "id": "60b57030-24c1-4754-addd-7a1fa3b993a6",
        "name": "\"afterNodeEvaluate\" hook function",
        "description": "",
        "type": "duration"
      },
      "body": {
        "pid": 11096,
        "tid": "Main Thread",
        "startTime": 13297426763800,
        "endTime": 13297426815200
      },
      "additional": {
        "children": [],
        "state": "success",
        "targetName": "",
        "moduleName": "",
        "category": "",
        "taskRunReasons": [],
        "parent": "bc930a9f-6ed7-43b3-ae23-eafd0dbe12d3",
        "logId": "a3af56df-96cd-4639-b9d3-bf49393a8468"
      },
      "log": {
        "_logger": {
          "category": "DurationEvent",
          "context": {},
          "callStackSkipIndex": 0
        },
        "_filelogger": {
          "category": "debug-file",
          "context": {},
          "callStackSkipIndex": 0
        }
      }
    },
    {
      "head": {
        "id": "a3af56df-96cd-4639-b9d3-bf49393a8468",
        "name": "\"afterNodeEvaluate\" hook function",
        "description": "",
        "type": "log"
      },
      "body": {
        "pid": 11096,
        "tid": "Main Thread",
        "startTime": 13297426763800,
        "endTime": 13297426815200
      },
      "additional": {
        "logType": "info",
        "children": [],
        "durationId": "60b57030-24c1-4754-addd-7a1fa3b993a6",
        "parent": "11829322-0866-403e-b1d0-aa1121f59365"
      }
    },
    {
      "head": {
        "id": "11829322-0866-403e-b1d0-aa1121f59365",
        "name": "eval project",
        "description": "",
        "type": "log"
      },
      "body": {
        "pid": 11096,
        "tid": "Main Thread",
        "startTime": 13296863602200,
        "endTime": 13297426842500
      },
      "additional": {
        "logType": "info",
        "children": [
          "746ae30b-de87-41e5-a7e3-58f2d37891a8",
          "cf944155-44d1-4d6d-a821-0574363b5d31",
          "a3af56df-96cd-4639-b9d3-bf49393a8468"
        ],
        "durationId": "bc930a9f-6ed7-43b3-ae23-eafd0dbe12d3",
        "parent": "4bb29e99-736f-4f54-ad39-19fd43a11df9"
      }
    },
    {
      "head": {
        "id": "376d7792-656c-4ec2-ac66-c17e414c4de5",
        "name": "eval submodule",
        "description": "Evaluate submodule.",
        "type": "duration"
      },
      "body": {
        "pid": 11096,
        "tid": "Main Thread",
        "startTime": 13297428371600,
        "endTime": 13297489864200
      },
      "additional": {
        "children": [
          "c09bd880-7ce9-452a-a8c9-67fd6681d7c3",
          "5add3462-79e8-4419-bce3-fb9d5cd9bd44",
          "653f5868-7e05-4436-8cac-da3d293a380f"
        ],
        "state": "success",
        "targetName": "",
        "moduleName": "",
        "category": "",
        "taskRunReasons": [],
        "parent": "8606a9c0-445f-4596-9471-86d798748066",
        "logId": "a079a3fb-6e4f-4a04-a76e-52f0ad7d2c7f"
      },
      "log": {
        "_logger": {
          "category": "DurationEvent",
          "context": {},
          "callStackSkipIndex": 0
        },
        "_filelogger": {
          "category": "debug-file",
          "context": {},
          "callStackSkipIndex": 0
        }
      }
    },
    {
      "head": {
        "id": "c09bd880-7ce9-452a-a8c9-67fd6681d7c3",
        "name": "\"beforeNodeEvaluate\" hook function",
        "description": "",
        "type": "duration"
      },
      "body": {
        "pid": 11096,
        "tid": "Main Thread",
        "startTime": 13297435638800,
        "endTime": 13297435675800
      },
      "additional": {
        "children": [],
        "state": "success",
        "targetName": "",
        "moduleName": "",
        "category": "",
        "taskRunReasons": [],
        "parent": "376d7792-656c-4ec2-ac66-c17e414c4de5",
        "logId": "52d4f233-903f-40ab-b457-9c3a96722273"
      },
      "log": {
        "_logger": {
          "category": "DurationEvent",
          "context": {},
          "callStackSkipIndex": 0
        },
        "_filelogger": {
          "category": "debug-file",
          "context": {},
          "callStackSkipIndex": 0
        }
      }
    },
    {
      "head": {
        "id": "52d4f233-903f-40ab-b457-9c3a96722273",
        "name": "\"beforeNodeEvaluate\" hook function",
        "description": "",
        "type": "log"
      },
      "body": {
        "pid": 11096,
        "tid": "Main Thread",
        "startTime": 13297435638800,
        "endTime": 13297435675800
      },
      "additional": {
        "logType": "info",
        "children": [],
        "durationId": "c09bd880-7ce9-452a-a8c9-67fd6681d7c3",
        "parent": "a079a3fb-6e4f-4a04-a76e-52f0ad7d2c7f"
      }
    },
    {
      "head": {
        "id": "5add3462-79e8-4419-bce3-fb9d5cd9bd44",
        "name": "eval hvigorfile",
        "description": "Evaluate hvigorfile.",
        "type": "duration"
      },
      "body": {
        "pid": 11096,
        "tid": "Main Thread",
        "startTime": 13297443697200,
        "endTime": 13297486762500
      },
      "additional": {
        "children": [
          "1ccb9ed5-ad08-4a6e-991b-c6d86f9e089d",
          "8900cef3-c65b-494d-9d62-0ebbaebf4591"
        ],
        "state": "success",
        "targetName": "",
        "moduleName": "",
        "category": "",
        "taskRunReasons": [],
        "parent": "376d7792-656c-4ec2-ac66-c17e414c4de5",
        "logId": "d531f959-f35c-408b-a9cf-03132e889eb5"
      },
      "log": {
        "_logger": {
          "category": "DurationEvent",
          "context": {},
          "callStackSkipIndex": 0
        },
        "_filelogger": {
          "category": "debug-file",
          "context": {},
          "callStackSkipIndex": 0
        }
      }
    },
    {
      "head": {
        "id": "1ccb9ed5-ad08-4a6e-991b-c6d86f9e089d",
        "name": "require hvigorfile",
        "description": "Require hvigorfile.",
        "type": "duration"
      },
      "body": {
        "pid": 11096,
        "tid": "Main Thread",
        "startTime": 13297443701100,
        "endTime": 13297452891300
      },
      "additional": {
        "children": [],
        "state": "success",
        "targetName": "",
        "moduleName": "",
        "category": "",
        "taskRunReasons": [],
        "parent": "5add3462-79e8-4419-bce3-fb9d5cd9bd44",
        "logId": "fa4bf9f6-2c11-4f3c-89ef-8fe0ce5e744b"
      },
      "log": {
        "_logger": {
          "category": "DurationEvent",
          "context": {},
          "callStackSkipIndex": 0
        },
        "_filelogger": {
          "category": "debug-file",
          "context": {},
          "callStackSkipIndex": 0
        }
      }
    },
    {
      "head": {
        "id": "8900cef3-c65b-494d-9d62-0ebbaebf4591",
        "name": "bind plugins",
        "description": "Bind plugins.",
        "type": "duration"
      },
      "body": {
        "pid": 11096,
        "tid": "Main Thread",
        "startTime": 13297452929000,
        "endTime": 13297486734200
      },
      "additional": {
        "children": [],
        "state": "success",
        "targetName": "",
        "moduleName": "",
        "category": "",
        "taskRunReasons": [],
        "parent": "5add3462-79e8-4419-bce3-fb9d5cd9bd44",
        "logId": "4989f939-63d1-4827-8fef-3833dc7c453e"
      },
      "log": {
        "_logger": {
          "category": "DurationEvent",
          "context": {},
          "callStackSkipIndex": 0
        },
        "_filelogger": {
          "category": "debug-file",
          "context": {},
          "callStackSkipIndex": 0
        }
      }
    },
    {
      "head": {
        "id": "7b80b378-82c7-4927-b290-724ee1874840",
        "name": "hvigorfile, resolving D:\\MyApplication3\\entry\\hvigorfile.ts",
        "description": "",
        "type": "log"
      },
      "body": {
        "pid": 11096,
        "tid": "Main Thread",
        "startTime": 13297443710100
      },
      "additional": {
        "logType": "debug",
        "children": []
      }
    },
    {
      "head": {
        "id": "540987c2-7bf0-4522-b3be-59c1d2d2aee3",
        "name": "hvigorfile, require result:  { default: { system: [Function: hapTasks], plugins: [] } }",
        "description": "",
        "type": "log"
      },
      "body": {
        "pid": 11096,
        "tid": "Main Thread",
        "startTime": 13297452594800
      },
      "additional": {
        "logType": "debug",
        "children": []
      }
    },
    {
      "head": {
        "id": "fa4bf9f6-2c11-4f3c-89ef-8fe0ce5e744b",
        "name": "require hvigorfile",
        "description": "",
        "type": "log"
      },
      "body": {
        "pid": 11096,
        "tid": "Main Thread",
        "startTime": 13297443701100,
        "endTime": 13297452891300
      },
      "additional": {
        "logType": "info",
        "children": [],
        "durationId": "1ccb9ed5-ad08-4a6e-991b-c6d86f9e089d",
        "parent": "d531f959-f35c-408b-a9cf-03132e889eb5"
      }
    },
    {
      "head": {
        "id": "11088435-e7ac-4362-bdb9-98d149f28a36",
        "name": "hvigorfile, binding system plugins [Function: hapTasks]",
        "description": "",
        "type": "log"
      },
      "body": {
        "pid": 11096,
        "tid": "Main Thread",
        "startTime": 13297452956500
      },
      "additional": {
        "logType": "debug",
        "children": []
      }
    },
    {
      "head": {
        "id": "f8f090c0-ed66-4a80-bc1d-cf555e1473ab",
        "name": "Start initialize module-target build option map, moduleName=entry, buildMode=debug",
        "description": "",
        "type": "log"
      },
      "body": {
        "pid": 11096,
        "tid": "Main Thread",
        "startTime": 13297476207600
      },
      "additional": {
        "logType": "debug",
        "children": []
      }
    },
    {
      "head": {
        "id": "56586654-c8d2-4e28-b86c-0aff977001da",
        "name": "Target 'default' config: {}",
        "description": "",
        "type": "log"
      },
      "body": {
        "pid": 11096,
        "tid": "Main Thread",
        "startTime": 13297476523300
      },
      "additional": {
        "logType": "debug",
        "children": []
      }
    },
    {
      "head": {
        "id": "a054c419-5620-4f7b-b963-7e02a603ff19",
        "name": "Target 'ohosTest' config: {}",
        "description": "",
        "type": "log"
      },
      "body": {
        "pid": 11096,
        "tid": "Main Thread",
        "startTime": 13297476963900
      },
      "additional": {
        "logType": "debug",
        "children": []
      }
    },
    {
      "head": {
        "id": "0263c4d8-c31b-4aa9-a713-00560f1ae7b8",
        "name": "Module 'entry' target 'default' build option: {\n  \"debuggable\": true,\n  \"copyFrom\": \"default\",\n  \"strictMode\": {\n    \"caseSensitiveCheck\": true,\n    \"useNormalizedOHMUrl\": true\n  },\n  \"name\": \"debug\"\n}",
        "description": "",
        "type": "log"
      },
      "body": {
        "pid": 11096,
        "tid": "Main Thread",
        "startTime": 13297477303100
      },
      "additional": {
        "logType": "debug",
        "children": []
      }
    },
    {
      "head": {
        "id": "11195299-42bb-4f0c-8642-6c084a652b41",
        "name": "Module 'entry' target 'ohosTest' build option: {\n  \"debuggable\": true,\n  \"strictMode\": {\n    \"caseSensitiveCheck\": true,\n    \"useNormalizedOHMUrl\": true\n  },\n  \"name\": \"default\"\n}",
        "description": "",
        "type": "log"
      },
      "body": {
        "pid": 11096,
        "tid": "Main Thread",
        "startTime": 13297477472900
      },
      "additional": {
        "logType": "debug",
        "children": []
      }
    },
    {
      "head": {
        "id": "c0f49c90-5635-444a-b665-111cf530be39",
        "name": "End initialize module-target build option map, moduleName=entry",
        "description": "",
        "type": "log"
      },
      "body": {
        "pid": 11096,
        "tid": "Main Thread",
        "startTime": 13297477601800
      },
      "additional": {
        "logType": "debug",
        "children": []
      }
    },
    {
      "head": {
        "id": "35b78585-a6c1-4e46-8d69-598b2816de87",
        "name": "Module 'entry' target 'default' using build option: {\n  \"debuggable\": true,\n  \"copyFrom\": \"default\",\n  \"strictMode\": {\n    \"caseSensitiveCheck\": true,\n    \"useNormalizedOHMUrl\": true\n  },\n  \"name\": \"debug\"\n} in this build.",
        "description": "",
        "type": "log"
      },
      "body": {
        "pid": 11096,
        "tid": "Main Thread",
        "startTime": 13297477719900
      },
      "additional": {
        "logType": "debug",
        "children": []
      }
    },
    {
      "head": {
        "id": "f3dd8541-d946-4576-8e8f-81359b3c0949",
        "name": "Module entry task initialization takes 3 ms ",
        "description": "",
        "type": "log"
      },
      "body": {
        "pid": 11096,
        "tid": "Main Thread",
        "startTime": 13297486000700
      },
      "additional": {
        "logType": "debug",
        "children": []
      }
    },
    {
      "head": {
        "id": "bc00348b-7375-4d12-b9d8-b33228a11caa",
        "name": "hvigorfile, binding custom plugins []",
        "description": "",
        "type": "log"
      },
      "body": {
        "pid": 11096,
        "tid": "Main Thread",
        "startTime": 13297486325300
      },
      "additional": {
        "logType": "debug",
        "children": []
      }
    },
    {
      "head": {
        "id": "dcc50cb8-db16-4dfc-8e51-e6b49cd2af72",
        "name": "hvigorfile, no custom plugins were found in D:\\MyApplication3\\entry\\hvigorfile.ts",
        "description": "",
        "type": "log"
      },
      "body": {
        "pid": 11096,
        "tid": "Main Thread",
        "startTime": 13297486505400
      },
      "additional": {
        "logType": "debug",
        "children": []
      }
    },
    {
      "head": {
        "id": "0d7f923d-2b7b-4371-befd-e83bbc5552a6",
        "name": "hvigorfile, resolve finished D:\\MyApplication3\\entry\\hvigorfile.ts",
        "description": "",
        "type": "log"
      },
      "body": {
        "pid": 11096,
        "tid": "Main Thread",
        "startTime": 13297486628100
      },
      "additional": {
        "logType": "debug",
        "children": []
      }
    },
    {
      "head": {
        "id": "4989f939-63d1-4827-8fef-3833dc7c453e",
        "name": "bind plugins",
        "description": "",
        "type": "log"
      },
      "body": {
        "pid": 11096,
        "tid": "Main Thread",
        "startTime": 13297452929000,
        "endTime": 13297486734200
      },
      "additional": {
        "logType": "info",
        "children": [],
        "durationId": "8900cef3-c65b-494d-9d62-0ebbaebf4591",
        "parent": "d531f959-f35c-408b-a9cf-03132e889eb5"
      }
    },
    {
      "head": {
        "id": "d531f959-f35c-408b-a9cf-03132e889eb5",
        "name": "eval hvigorfile",
        "description": "",
        "type": "log"
      },
      "body": {
        "pid": 11096,
        "tid": "Main Thread",
        "startTime": 13297443697200,
        "endTime": 13297486762500
      },
      "additional": {
        "logType": "info",
        "children": [
          "fa4bf9f6-2c11-4f3c-89ef-8fe0ce5e744b",
          "4989f939-63d1-4827-8fef-3833dc7c453e"
        ],
        "durationId": "5add3462-79e8-4419-bce3-fb9d5cd9bd44",
        "parent": "a079a3fb-6e4f-4a04-a76e-52f0ad7d2c7f"
      }
    },
    {
      "head": {
        "id": "653f5868-7e05-4436-8cac-da3d293a380f",
        "name": "\"afterNodeEvaluate\" hook function",
        "description": "",
        "type": "duration"
      },
      "body": {
        "pid": 11096,
        "tid": "Main Thread",
        "startTime": 13297489795500,
        "endTime": 13297489832400
      },
      "additional": {
        "children": [],
        "state": "success",
        "targetName": "",
        "moduleName": "",
        "category": "",
        "taskRunReasons": [],
        "parent": "376d7792-656c-4ec2-ac66-c17e414c4de5",
        "logId": "afc348cd-da3b-442c-88bb-f17328294bfc"
      },
      "log": {
        "_logger": {
          "category": "DurationEvent",
          "context": {},
          "callStackSkipIndex": 0
        },
        "_filelogger": {
          "category": "debug-file",
          "context": {},
          "callStackSkipIndex": 0
        }
      }
    },
    {
      "head": {
        "id": "afc348cd-da3b-442c-88bb-f17328294bfc",
        "name": "\"afterNodeEvaluate\" hook function",
        "description": "",
        "type": "log"
      },
      "body": {
        "pid": 11096,
        "tid": "Main Thread",
        "startTime": 13297489795500,
        "endTime": 13297489832400
      },
      "additional": {
        "logType": "info",
        "children": [],
        "durationId": "653f5868-7e05-4436-8cac-da3d293a380f",
        "parent": "a079a3fb-6e4f-4a04-a76e-52f0ad7d2c7f"
      }
    },
    {
      "head": {
        "id": "a079a3fb-6e4f-4a04-a76e-52f0ad7d2c7f",
        "name": "eval submodule",
        "description": "",
        "type": "log"
      },
      "body": {
        "pid": 11096,
        "tid": "Main Thread",
        "startTime": 13297428371600,
        "endTime": 13297489864200
      },
      "additional": {
        "logType": "info",
        "children": [
          "52d4f233-903f-40ab-b457-9c3a96722273",
          "d531f959-f35c-408b-a9cf-03132e889eb5",
          "afc348cd-da3b-442c-88bb-f17328294bfc"
        ],
        "durationId": "376d7792-656c-4ec2-ac66-c17e414c4de5",
        "parent": "a82d36c8-98c9-4c46-8f3e-ed0690fc9973"
      }
    },
    {
      "head": {
        "id": "a82d36c8-98c9-4c46-8f3e-ed0690fc9973",
        "name": "eval modules",
        "description": "",
        "type": "log"
      },
      "body": {
        "pid": 11096,
        "tid": "Main Thread",
        "startTime": 13297426871000,
        "endTime": 13297489892900
      },
      "additional": {
        "logType": "info",
        "children": [
          "a079a3fb-6e4f-4a04-a76e-52f0ad7d2c7f"
        ],
        "durationId": "8606a9c0-445f-4596-9471-86d798748066",
        "parent": "4bb29e99-736f-4f54-ad39-19fd43a11df9"
      }
    },
    {
      "head": {
        "id": "8b923f3c-5803-465a-8f34-1d1a3138d817",
        "name": "watch files: [\n  'D:\\\\MyApplication3\\\\hvigorfile.ts',\n  'D:\\\\MyApplication3\\\\entry\\\\hvigorfile.ts'\n]",
        "description": "",
        "type": "log"
      },
      "body": {
        "pid": 11096,
        "tid": "Main Thread",
        "startTime": 13297524275500
      },
      "additional": {
        "logType": "debug",
        "children": []
      }
    },
    {
      "head": {
        "id": "1ff07a3e-60e2-40a5-8811-5ba71d14423a",
        "name": "hvigorfile, resolve hvigorfile dependencies in 36 ms ",
        "description": "",
        "type": "log"
      },
      "body": {
        "pid": 11096,
        "tid": "Main Thread",
        "startTime": 13297524966100
      },
      "additional": {
        "logType": "debug",
        "children": []
      }
    },
    {
      "head": {
        "id": "7c690ff6-bbd1-4b5c-ad77-9a64416478c4",
        "name": "add config dependencies",
        "description": "",
        "type": "log"
      },
      "body": {
        "pid": 11096,
        "tid": "Main Thread",
        "startTime": 13297489911400,
        "endTime": 13297525141900
      },
      "additional": {
        "logType": "info",
        "children": [],
        "durationId": "78e60681-81a8-4029-a3bd-be2222fcf3c9",
        "parent": "4bb29e99-736f-4f54-ad39-19fd43a11df9"
      }
    },
    {
      "head": {
        "id": "091ae846-b918-4526-8917-d185e8965e21",
        "name": "\"nodesEvaluated\" hook function",
        "description": "",
        "type": "duration"
      },
      "body": {
        "pid": 11096,
        "tid": "Main Thread",
        "startTime": 13297527023800,
        "endTime": 13297527555200
      },
      "additional": {
        "children": [],
        "state": "success",
        "targetName": "",
        "moduleName": "",
        "category": "",
        "taskRunReasons": [],
        "parent": "34f264d4-b661-413e-9a74-94ef58e0176b",
        "logId": "50b96df8-a9ec-418f-b011-1a3d18ae01ff"
      },
      "log": {
        "_logger": {
          "category": "DurationEvent",
          "context": {},
          "callStackSkipIndex": 0
        },
        "_filelogger": {
          "category": "debug-file",
          "context": {},
          "callStackSkipIndex": 0
        }
      }
    },
    {
      "head": {
        "id": "b2312b7e-70b3-451f-903f-c6b7bc4697d7",
        "name": "project has submodules:entry",
        "description": "",
        "type": "log"
      },
      "body": {
        "pid": 11096,
        "tid": "Main Thread",
        "startTime": 13297527084400
      },
      "additional": {
        "logType": "debug",
        "children": []
      }
    },
    {
      "head": {
        "id": "50b96df8-a9ec-418f-b011-1a3d18ae01ff",
        "name": "\"nodesEvaluated\" hook function",
        "description": "",
        "type": "log"
      },
      "body": {
        "pid": 11096,
        "tid": "Main Thread",
        "startTime": 13297527023800,
        "endTime": 13297527555200
      },
      "additional": {
        "logType": "info",
        "children": [],
        "durationId": "091ae846-b918-4526-8917-d185e8965e21",
        "parent": "4bb29e99-736f-4f54-ad39-19fd43a11df9"
      }
    },
    {
      "head": {
        "id": "a46ac833-3c51-467a-a72c-78d20af21fe5",
        "name": "Module MyApplication3 Collected Dependency: ",
        "description": "",
        "type": "log"
      },
      "body": {
        "pid": 11096,
        "tid": "Main Thread",
        "startTime": 13297537516400
      },
      "additional": {
        "logType": "debug",
        "children": []
      }
    },
    {
      "head": {
        "id": "f1f33900-7056-4240-b50d-e3a22cb351c2",
        "name": "Module MyApplication3's total dependency: 0",
        "description": "",
        "type": "log"
      },
      "body": {
        "pid": 11096,
        "tid": "Main Thread",
        "startTime": 13297537826200
      },
      "additional": {
        "logType": "debug",
        "children": []
      }
    },
    {
      "head": {
        "id": "f1f94f95-4080-427b-aa04-f1cb6fec9fd5",
        "name": "Module entry Collected Dependency: ",
        "description": "",
        "type": "log"
      },
      "body": {
        "pid": 11096,
        "tid": "Main Thread",
        "startTime": 13297541791700
      },
      "additional": {
        "logType": "debug",
        "children": []
      }
    },
    {
      "head": {
        "id": "cb9635de-9f07-4e7e-8d5c-5b6b159ac3ea",
        "name": "Module entry's total dependency: 0",
        "description": "",
        "type": "log"
      },
      "body": {
        "pid": 11096,
        "tid": "Main Thread",
        "startTime": 13297542012500
      },
      "additional": {
        "logType": "debug",
        "children": []
      }
    },
    {
      "head": {
        "id": "cc582f21-ec64-4b50-ad11-ba3104c010fc",
        "name": "Configuration phase cost:693 ms ",
        "description": "",
        "type": "log"
      },
      "body": {
        "pid": 11096,
        "tid": "Main Thread",
        "startTime": 13297547685700
      },
      "additional": {
        "logType": "debug",
        "children": []
      }
    },
    {
      "head": {
        "id": "9f62a214-33f2-487a-ac70-66e9b118a887",
        "name": "fin configuration",
        "description": "",
        "type": "log"
      },
      "body": {
        "pid": 11096,
        "tid": "Main Thread",
        "startTime": 13297547618800,
        "endTime": 13297547931700
      },
      "additional": {
        "logType": "info",
        "children": [],
        "durationId": "5bc7b241-76ec-4311-93e6-34e7de0896fd",
        "parent": "4bb29e99-736f-4f54-ad39-19fd43a11df9"
      }
    },
    {
      "head": {
        "id": "4bb29e99-736f-4f54-ad39-19fd43a11df9",
        "name": "configure hvigor plugin",
        "description": "",
        "type": "log"
      },
      "body": {
        "pid": 11096,
        "tid": "Main Thread",
        "startTime": 13296842865000,
        "endTime": 13297547974000
      },
      "additional": {
        "logType": "info",
        "children": [
          "e000abb5-3156-4781-8d14-28d8505bd611",
          "60e2c471-9f8e-4623-aca2-6600cf92c8e2",
          "11829322-0866-403e-b1d0-aa1121f59365",
          "a82d36c8-98c9-4c46-8f3e-ed0690fc9973",
          "7c690ff6-bbd1-4b5c-ad77-9a64416478c4",
          "9f62a214-33f2-487a-ac70-66e9b118a887",
          "50b96df8-a9ec-418f-b011-1a3d18ae01ff"
        ],
        "durationId": "34f264d4-b661-413e-9a74-94ef58e0176b",
        "parent": "f480be81-174b-4a5e-9e6d-92ac0ac0ac6d"
      }
    },
    {
      "head": {
        "id": "661142d1-c740-4f87-b0c1-ba8cb5496a62",
        "name": "\"taskGraphResolved\" hook function",
        "description": "",
        "type": "duration"
      },
      "body": {
        "pid": 11096,
        "tid": "Main Thread",
        "startTime": 13297550957300,
        "endTime": 13297550990200
      },
      "additional": {
        "children": [],
        "state": "success",
        "targetName": "",
        "moduleName": "",
        "category": "",
        "taskRunReasons": [],
        "parent": "76bc1a9d-30b5-477d-b272-19d6a94bb96b",
        "logId": "a2784f52-a3e0-41ee-9b1f-2f3b49dde7ce"
      },
      "log": {
        "_logger": {
          "category": "DurationEvent",
          "context": {},
          "callStackSkipIndex": 0
        },
        "_filelogger": {
          "category": "debug-file",
          "context": {},
          "callStackSkipIndex": 0
        }
      }
    },
    {
      "head": {
        "id": "a2784f52-a3e0-41ee-9b1f-2f3b49dde7ce",
        "name": "\"taskGraphResolved\" hook function",
        "description": "",
        "type": "log"
      },
      "body": {
        "pid": 11096,
        "tid": "Main Thread",
        "startTime": 13297550957300,
        "endTime": 13297550990200
      },
      "additional": {
        "logType": "info",
        "children": [],
        "durationId": "661142d1-c740-4f87-b0c1-ba8cb5496a62",
        "parent": "f480be81-174b-4a5e-9e6d-92ac0ac0ac6d"
      }
    },
    {
      "head": {
        "id": "d64dc5c6-9f47-4353-ba92-39981e7fb4a0",
        "name": "build task graph",
        "description": "",
        "type": "log"
      },
      "body": {
        "pid": 11096,
        "tid": "Main Thread",
        "startTime": 13297548088500,
        "endTime": 13297551010200
      },
      "additional": {
        "logType": "info",
        "children": [],
        "durationId": "be5fe5a9-d5cd-4949-b51f-ebc804a08aa0",
        "parent": "f480be81-174b-4a5e-9e6d-92ac0ac0ac6d"
      }
    },
    {
      "head": {
        "id": "8c441e1f-22cf-4ff5-a2f9-824b7bba9985",
        "name": "init task execution option",
        "description": "",
        "type": "log"
      },
      "body": {
        "pid": 11096,
        "tid": "Main Thread",
        "startTime": 13297551017600,
        "endTime": 13297551027000
      },
      "additional": {
        "logType": "info",
        "children": [],
        "durationId": "a79a1c9c-6e0d-41fe-bba6-7d8a6c396c67",
        "parent": "f480be81-174b-4a5e-9e6d-92ac0ac0ac6d"
      }
    },
    {
      "head": {
        "id": "f480be81-174b-4a5e-9e6d-92ac0ac0ac6d",
        "name": "init",
        "description": "",
        "type": "log"
      },
      "body": {
        "pid": 11096,
        "tid": "Main Thread",
        "startTime": 13296818027600,
        "endTime": 13297551033200
      },
      "additional": {
        "logType": "info",
        "children": [
          "95319fa4-275e-490a-8d61-952532ad7db0",
          "4bb29e99-736f-4f54-ad39-19fd43a11df9",
          "d64dc5c6-9f47-4353-ba92-39981e7fb4a0",
          "8c441e1f-22cf-4ff5-a2f9-824b7bba9985",
          "c8e84879-16eb-4d06-a86e-872c89091858",
          "b48a9baf-fd59-49d9-8a31-bd572b3b381a",
          "a2784f52-a3e0-41ee-9b1f-2f3b49dde7ce"
        ],
        "durationId": "76bc1a9d-30b5-477d-b272-19d6a94bb96b"
      }
    },
    {
      "head": {
        "id": "87b658c0-ed9a-4cee-ad8f-8eb05efefb4a",
        "name": "Configuration task cost before running: 741 ms ",
        "description": "",
        "type": "log"
      },
      "body": {
        "pid": 11096,
        "tid": "Main Thread",
        "startTime": 13297551723500
      },
      "additional": {
        "logType": "debug",
        "children": []
      }
    },
    {
      "head": {
        "id": "906d978b-a68a-4c19-be25-7ef12e3a72fb",
        "name": "entry:clean",
        "description": "Clear the cache information.",
        "type": "duration"
      },
      "body": {
        "pid": 11096,
        "tid": "Main Thread",
        "startTime": 13297557132000,
        "endTime": 13297670697700
      },
      "additional": {
        "children": [],
        "state": "success",
        "targetName": "",
        "moduleName": "entry",
        "category": "Other",
        "taskRunReasons": [],
        "detailId": "85b63031-94d5-4ac6-8ab4-51c14af394e2",
        "logId": "d3c97e62-8e55-433f-b1bb-809759dce950"
      },
      "log": {
        "_logger": {
          "category": "DurationEvent",
          "context": {},
          "callStackSkipIndex": 0
        },
        "_filelogger": {
          "category": "debug-file",
          "context": {},
          "callStackSkipIndex": 0
        }
      }
    },
    {
      "head": {
        "id": "85b63031-94d5-4ac6-8ab4-51c14af394e2",
        "name": "create entry:clean task",
        "description": "",
        "type": "log"
      },
      "body": {
        "pid": 11096,
        "tid": "Main Thread",
        "startTime": 13297555543500
      },
      "additional": {
        "logType": "detail",
        "children": [],
        "durationId": "906d978b-a68a-4c19-be25-7ef12e3a72fb"
      }
    },
    {
      "head": {
        "id": "0d858782-9edb-4e60-a72f-29a327c29fe2",
        "name": "Executing task :entry:clean",
        "description": "",
        "type": "log"
      },
      "body": {
        "pid": 11096,
        "tid": "Main Thread",
        "startTime": 13297557156400
      },
      "additional": {
        "logType": "debug",
        "children": []
      }
    },
    {
      "head": {
        "id": "cd9b7752-97e7-45f8-a26e-6262287dee16",
        "name": "clean: Start terminating worker pool.",
        "description": "",
        "type": "log"
      },
      "body": {
        "pid": 11096,
        "tid": "Main Thread",
        "startTime": 13297557449600
      },
      "additional": {
        "logType": "debug",
        "children": []
      }
    },
    {
      "head": {
        "id": "52cf2b43-82a7-4000-9a38-970a8c761976",
        "name": "Current worker pool is stopped or closed.",
        "description": "",
        "type": "log"
      },
      "body": {
        "pid": 11096,
        "tid": "Main Thread",
        "startTime": 13297557612700
      },
      "additional": {
        "logType": "debug",
        "children": []
      }
    },
    {
      "head": {
        "id": "56211e61-4fdb-4c39-85d0-adf6517365ee",
        "name": "Clear worker 0.",
        "description": "",
        "type": "log"
      },
      "body": {
        "pid": 11096,
        "tid": "Main Thread",
        "startTime": 13297557732700
      },
      "additional": {
        "logType": "debug",
        "children": []
      }
    },
    {
      "head": {
        "id": "ea21e38a-3c6c-4fbf-b0c4-19bd9398f789",
        "name": "Worker 0 has been cleared.",
        "description": "",
        "type": "log"
      },
      "body": {
        "pid": 11096,
        "tid": "Main Thread",
        "startTime": 13297557864300
      },
      "additional": {
        "logType": "debug",
        "children": []
      }
    },
    {
      "head": {
        "id": "68ac2519-d3a5-4583-a199-f2124cc9cf8e",
        "name": "Current idle worker size: 0.",
        "description": "",
        "type": "log"
      },
      "body": {
        "pid": 11096,
        "tid": "Main Thread",
        "startTime": 13297557970900
      },
      "additional": {
        "logType": "debug",
        "children": []
      }
    },
    {
      "head": {
        "id": "2f564ab8-7727-43f5-af59-35d75069a7a4",
        "name": "Current busy worker size: 0.",
        "description": "",
        "type": "log"
      },
      "body": {
        "pid": 11096,
        "tid": "Main Thread",
        "startTime": 13297558065700
      },
      "additional": {
        "logType": "debug",
        "children": []
      }
    },
    {
      "head": {
        "id": "9b57805c-9c7b-4b95-ac46-4d4dc4cf62a4",
        "name": "Current worker pool is terminated.",
        "description": "",
        "type": "log"
      },
      "body": {
        "pid": 11096,
        "tid": "Main Thread",
        "startTime": 13297558249300
      },
      "additional": {
        "logType": "debug",
        "children": []
      }
    },
    {
      "head": {
        "id": "5aa6159e-7e6a-4d4a-af18-65c67d4b5aaf",
        "name": "clean: Terminating worker pool finished.",
        "description": "",
        "type": "log"
      },
      "body": {
        "pid": 11096,
        "tid": "Main Thread",
        "startTime": 13297558489100
      },
      "additional": {
        "logType": "debug",
        "children": []
      }
    },
    {
      "head": {
        "id": "965739b9-47d3-49f7-9fbc-db4be588b2ac",
        "name": "entry : clean cost memory -5.229644775390625",
        "description": "",
        "type": "log"
      },
      "body": {
        "pid": 11096,
        "tid": "Main Thread",
        "startTime": 13297670104900
      },
      "additional": {
        "logType": "debug",
        "children": []
      }
    },
    {
      "head": {
        "id": "20f8e99e-799f-4b29-b9ea-537faa071cb6",
        "name": "runTaskFromQueue task cost before running: 860 ms ",
        "description": "",
        "type": "log"
      },
      "body": {
        "pid": 11096,
        "tid": "Main Thread",
        "startTime": 13297670508100
      },
      "additional": {
        "logType": "debug",
        "children": []
      }
    },
    {
      "head": {
        "id": "d3c97e62-8e55-433f-b1bb-809759dce950",
        "name": "Finished :entry:clean",
        "description": "Clear the cache information.",
        "type": "log"
      },
      "body": {
        "pid": 11096,
        "tid": "Main Thread",
        "startTime": 13297557132000,
        "endTime": 13297670697700,
        "totalTime": 113306900
      },
      "additional": {
        "logType": "info",
        "children": [],
        "durationId": "906d978b-a68a-4c19-be25-7ef12e3a72fb"
      }
    },
    {
      "head": {
        "id": "ee31c900-5ef8-4aad-b61a-6599fc5f83ef",
        "name": "Executing task ::clean",
        "description": "",
        "type": "log"
      },
      "body": {
        "pid": 11096,
        "tid": "Main Thread",
        "startTime": 13297671216400
      },
      "additional": {
        "logType": "debug",
        "children": []
      }
    },
    {
      "head": {
        "id": "16e3a791-4322-431b-bbeb-7743c5c3ecca",
        "name": "clean: Worker pool is inactive.",
        "description": "",
        "type": "log"
      },
      "body": {
        "pid": 11096,
        "tid": "Main Thread",
        "startTime": 13297671369000
      },
      "additional": {
        "logType": "debug",
        "children": []
      }
    },
    {
      "head": {
        "id": "6554b70d-53b1-49a2-a428-569f783f9444",
        "name": "MyApplication3 : clean cost memory 0.0339508056640625",
        "description": "",
        "type": "log"
      },
      "body": {
        "pid": 11096,
        "tid": "Main Thread",
        "startTime": 13297672866400
      },
      "additional": {
        "logType": "debug",
        "children": []
      }
    },
    {
      "head": {
        "id": "12796299-91ce-4f3b-8489-6eb4f3706e3c",
        "name": "runTaskFromQueue task cost before running: 863 ms ",
        "description": "",
        "type": "log"
      },
      "body": {
        "pid": 11096,
        "tid": "Main Thread",
        "startTime": 13297673266900
      },
      "additional": {
        "logType": "debug",
        "children": []
      }
    },
    {
      "head": {
        "id": "707dcd26-ecfe-46c6-ad9d-896d48f76edd",
        "name": "Finished ::clean",
        "description": "Clear the cache information.",
        "type": "log"
      },
      "body": {
        "pid": 11096,
        "tid": "Main Thread",
        "startTime": 13297671205900,
        "endTime": 13297673493500,
        "totalTime": 1999000
      },
      "additional": {
        "logType": "info",
        "children": [],
        "durationId": "e2c2ef84-e491-4b69-ba4e-19a671ec136b"
      }
    },
    {
      "head": {
        "id": "fb235237-c605-4073-a36b-55f0a976bd62",
        "name": "\"buildFinished\" hook function",
        "description": "",
        "type": "duration"
      },
      "body": {
        "pid": 11096,
        "tid": "Main Thread",
        "startTime": 13297691731400,
        "endTime": 13297691783100
      },
      "additional": {
        "children": [],
        "state": "success",
        "targetName": "",
        "moduleName": "",
        "category": "",
        "taskRunReasons": [],
        "parent": "21f5a2df-016e-438c-b523-abc64537a257",
        "logId": "0e2f6a00-8f56-4a97-8493-01d0ffc3e694"
      },
      "log": {
        "_logger": {
          "category": "DurationEvent",
          "context": {},
          "callStackSkipIndex": 0
        },
        "_filelogger": {
          "category": "debug-file",
          "context": {},
          "callStackSkipIndex": 0
        }
      }
    },
    {
      "head": {
        "id": "0e2f6a00-8f56-4a97-8493-01d0ffc3e694",
        "name": "\"buildFinished\" hook function",
        "description": "",
        "type": "log"
      },
      "body": {
        "pid": 11096,
        "tid": "Main Thread",
        "startTime": 13297691731400,
        "endTime": 13297691783100
      },
      "additional": {
        "logType": "info",
        "children": [],
        "durationId": "fb235237-c605-4073-a36b-55f0a976bd62"
      }
    },
    {
      "head": {
        "id": "1f3412c2-aac0-4d04-8db9-5f3a1c90edc9",
        "name": "BUILD SUCCESSFUL in 881 ms ",
        "description": "",
        "type": "log"
      },
      "body": {
        "pid": 11096,
        "tid": "Main Thread",
        "startTime": 13297691873500
      },
      "additional": {
        "logType": "info",
        "children": []
      }
    },
    {
      "head": {
        "id": "8d3204e9-d89f-4744-830c-98c0e1032357",
        "name": "clean",
        "description": "",
        "type": "mark"
      },
      "body": {
        "pid": 11096,
        "tid": "Main Thread",
        "startTime": 13296811053200,
        "endTime": 13297692338300
      },
      "additional": {
        "time": {
          "year": 2025,
          "month": 2,
          "day": 19,
          "hour": 12,
          "minute": 33
        },
        "completeCommand": "{\"completeCommand\":\"-p product=default clean --analyze=normal --parallel --incremental --daemon\",\"parallel\":true,\"prop\":[\"product=default\"],\"incremental\":true,\"_\":[\"clean\"],\"daemon\":true,\"analyze\":\"normal\"};-p product=default clean --analyze=normal --parallel --incremental --daemon",
        "hvigorVersion": "5.8.9",
        "markType": "history",
        "nodeVersion": "v18.20.1",
        "category": "clean",
        "state": "success"
      }
    }
  ],
  "workLog": []
}