{"CACHE_SYNC_FILE_HASH":{"D:\\MyApplication3\\hvigor\\hvigor-config.json5":"78bcb1c893f2f64aaef1a56fbbe4f8f7dbcc350949270707a9f9263562ba63a4","D:\\MyApplication3\\entry\\hvigorfile.ts":"f54df644b0e2bcb48878af9a69bf803940cb36be0596cc6956d23ba0fcd81d1d","D:\\MyApplication3\\oh-package.json5":"3e52f6084fee732259ea1237ec05afe2df453c4ddedc976e00ebb4fe31dac899","D:\\MyApplication3\\hvigorfile.ts":"ed188015b9237fdaf6f1736e7a77b65bab027e936c7c0cd2f15a669d581c257a","D:\\MyApplication3\\entry\\build-profile.json5":"f14999e498a9d8914a47f08004a64f31ec24f4c7a5c9e714ce6688abf8ae2c41","D:\\MyApplication3\\.hvigor\\outputs\\sync\\output.json":"cbee7f050616835ac292b773b373e85a93066e0f949d21fdeadc586d7c24f15c","SDK_LOCATION":"D:/Program Files/DevEco Studio/sdk","D:\\MyApplication3\\build-profile.json5":"8bee6b2b7394d56ee809c1902bd36d0a38114be9cd53647d1563cb64df9233f0","D:\\MyApplication3\\entry\\oh-package.json5":"6e820210eb9690b8358c8618128196cc98721eaf8cf81cd74553185281c3ac4f"},"OHPM_INSTALL_FILE_HASH":{"D:\\MyApplication3\\oh-package.json5":"3e52f6084fee732259ea1237ec05afe2df453c4ddedc976e00ebb4fe31dac899","D:\\MyApplication3\\entry\\oh_modules":false,"D:\\MyApplication3\\entry\\oh-package.json5":"6e820210eb9690b8358c8618128196cc98721eaf8cf81cd74553185281c3ac4f","D:\\MyApplication3\\oh_modules":true}}