{"D:\\MyApplication3\\AppScope\\app.json5":{"hashValue":"39fd8bb8c5c812bf785336f7adbd6d72","name":"app.json5","path":"D:\\MyApplication3\\AppScope\\app.json5","type":"file","isSymbolicLink":false,"fileMetaData":{"size":228,"lastModifiedTime":1739964029964}},"D:\\MyApplication3\\entry\\src\\main\\module.json5":{"hashValue":"1a4c3618872a1257d285fe0902964f73","name":"module.json5","path":"D:\\MyApplication3\\entry\\src\\main\\module.json5","type":"file","isSymbolicLink":false,"fileMetaData":{"size":1342,"lastModifiedTime":1739964029993}},"D:\\MyApplication3\\build-profile.json5":{"hashValue":"b7f7518b802f4922a32e78daa08f526e","name":"build-profile.json5","path":"D:\\MyApplication3\\build-profile.json5","type":"file","isSymbolicLink":false,"fileMetaData":{"size":756,"lastModifiedTime":1739964030059}},"D:\\MyApplication3\\entry\\build-profile.json5":{"hashValue":"84ee333cbfd190ec74244245df0fc6f5","name":"build-profile.json5","path":"D:\\MyApplication3\\entry\\build-profile.json5","type":"file","isSymbolicLink":false,"fileMetaData":{"size":449,"lastModifiedTime":1739964030016}},"D:\\MyApplication3\\entry\\src\\main\\resources\\base\\profile\\main_pages.json":{"hashValue":"768f9ccd9739d4fad5f234210e6be672","name":"main_pages.json","path":"D:\\MyApplication3\\entry\\src\\main\\resources\\base\\profile\\main_pages.json","type":"file","isSymbolicLink":false,"fileMetaData":{"size":65,"lastModifiedTime":1739964851558}},"D:\\MyApplication3\\hvigor\\hvigor-config.json5":{"hashValue":"ed1423f90d5b3232011812e0b88f34d2","name":"hvigor-config.json5","path":"D:\\MyApplication3\\hvigor\\hvigor-config.json5","type":"file","isSymbolicLink":false,"fileMetaData":{"size":1323,"lastModifiedTime":1739964021978}},"D:\\MyApplication3\\entry\\src\\mock\\mock-config.json5":{"hashValue":"d52a37d103315102dd4f2037bf707db7","name":"mock-config.json5","path":"D:\\MyApplication3\\entry\\src\\mock\\mock-config.json5","type":"file","isSymbolicLink":false,"fileMetaData":{"size":3,"lastModifiedTime":1739964022378}},"D:\\MyApplication3\\entry\\oh-package.json5":{"hashValue":"b13e03866f79a45973dd6995f6660d03","name":"oh-package.json5","path":"D:\\MyApplication3\\entry\\oh-package.json5","type":"file","isSymbolicLink":false,"fileMetaData":{"size":183,"lastModifiedTime":1739964022105}},"D:\\MyApplication3\\entry\\build\\default\\intermediates\\hap_metadata\\default\\output_metadata.json":{"hashValue":"2e1919b290163e9c0d88151a1b4b0d82","name":"output_metadata.json","path":"D:\\MyApplication3\\entry\\build\\default\\intermediates\\hap_metadata\\default\\output_metadata.json","type":"file","isSymbolicLink":false,"fileMetaData":{"size":100,"lastModifiedTime":1739968937387}},"D:\\MyApplication3\\entry\\build\\default\\intermediates\\merge_profile\\default\\module.json":{"hashValue":"9ae875535498da980ada54ac876551af","name":"module.json","path":"D:\\MyApplication3\\entry\\build\\default\\intermediates\\merge_profile\\default\\module.json","type":"file","isSymbolicLink":false,"fileMetaData":{"size":1560,"lastModifiedTime":1739968937408}},"D:\\MyApplication3\\entry\\build\\default\\generated\\profile\\default\\BuildProfile.ets":{"hashValue":"5d759ba921b09c0120ac18c774188d72","name":"BuildProfile.ets","path":"D:\\MyApplication3\\entry\\build\\default\\generated\\profile\\default\\BuildProfile.ets","type":"file","isSymbolicLink":false,"fileMetaData":{"size":876,"lastModifiedTime":1739968937423}},"D:\\MyApplication3\\entry\\build\\default\\intermediates\\loader\\default\\pkgContextInfo.json":{"hashValue":"68afb08179402637ae5863e6d354a342","name":"pkgContextInfo.json","path":"D:\\MyApplication3\\entry\\build\\default\\intermediates\\loader\\default\\pkgContextInfo.json","type":"file","isSymbolicLink":false,"fileMetaData":{"size":444,"lastModifiedTime":1739968937446}},"D:\\MyApplication3\\entry\\src\\main\\resources\\base\\profile\\backup_config.json":{"hashValue":"2fbf54d63e64c82aee27e43ccc7ef1c7","name":"backup_config.json","path":"D:\\MyApplication3\\entry\\src\\main\\resources\\base\\profile\\backup_config.json","type":"file","isSymbolicLink":false,"fileMetaData":{"size":36,"lastModifiedTime":1739964022573}},"D:\\MyApplication3\\entry\\build\\default\\outputs\\default\\pack.info":{"hashValue":"32f5fec2dcbecdea353d05c1b87ef3c7","name":"pack.info","path":"D:\\MyApplication3\\entry\\build\\default\\outputs\\default\\pack.info","type":"file","isSymbolicLink":false,"fileMetaData":{"size":650,"lastModifiedTime":1739968937505}},"D:\\MyApplication3\\entry\\build\\default\\intermediates\\process_profile\\default\\module.json":{"hashValue":"0f17c9277169a8c4bc463c1ef969924e","name":"module.json","path":"D:\\MyApplication3\\entry\\build\\default\\intermediates\\process_profile\\default\\module.json","type":"file","isSymbolicLink":false,"fileMetaData":{"size":1646,"lastModifiedTime":1739968937749}},"D:\\Program Files\\DevEco Studio\\sdk\\default\\openharmony\\toolchains\\syscap_tool.exe":{"hashValue":"deda553f1a31609a0601eda42d95b111","name":"syscap_tool.exe","path":"D:\\Program Files\\DevEco Studio\\sdk\\default\\openharmony\\toolchains\\syscap_tool.exe","type":"file","isSymbolicLink":false,"fileMetaData":{"size":345088,"lastModifiedTime":1729480855000}},"D:\\Program Files\\DevEco Studio\\sdk\\default\\openharmony\\ets\\api\\device-define":{"hashValue":"73998a88c573c759e705985efe5e6a04","name":"device-define","path":"D:\\Program Files\\DevEco Studio\\sdk\\default\\openharmony\\ets\\api\\device-define","type":"directory","isSymbolicLink":false,"children":[{"hashValue":"ce4d02e8a84219a069516e678709e4a8","name":"default.json","path":"D:\\Program Files\\DevEco Studio\\sdk\\default\\openharmony\\ets\\api\\device-define\\default.json","type":"file","isSymbolicLink":false,"fileMetaData":{"size":12253,"lastModifiedTime":1729480855000}},{"hashValue":"5614967bdb4e10c49209033e9ee6c155","name":"liteWearable.json","path":"D:\\Program Files\\DevEco Studio\\sdk\\default\\openharmony\\ets\\api\\device-define\\liteWearable.json","type":"file","isSymbolicLink":false,"fileMetaData":{"size":883,"lastModifiedTime":1729480855000}},{"hashValue":"63ed75ff84af62c5dd58913b71fb5afe","name":"tablet.json","path":"D:\\Program Files\\DevEco Studio\\sdk\\default\\openharmony\\ets\\api\\device-define\\tablet.json","type":"file","isSymbolicLink":false,"fileMetaData":{"size":11820,"lastModifiedTime":1729480855000}}]},"D:\\MyApplication3\\oh-package.json5":{"hashValue":"20bd93860160f48dc24c5886270764d4","name":"oh-package.json5","path":"D:\\MyApplication3\\oh-package.json5","type":"file","isSymbolicLink":false,"fileMetaData":{"size":210,"lastModifiedTime":1739964030037}},"D:\\MyApplication3\\entry\\build\\default\\intermediates\\router_map\\default\\temp-router-map.json":{"hashValue":"33221711d9468710520e1cf129d886aa","name":"temp-router-map.json","path":"D:\\MyApplication3\\entry\\build\\default\\intermediates\\router_map\\default\\temp-router-map.json","type":"file","isSymbolicLink":false,"fileMetaData":{"size":16,"lastModifiedTime":1739968937787}},"D:\\MyApplication3\\entry\\build\\default\\intermediates\\router_map\\default\\loader-router-map.json":{"hashValue":"812c567372e51f3d1bf7285d127c4d8f","name":"loader-router-map.json","path":"D:\\MyApplication3\\entry\\build\\default\\intermediates\\router_map\\default\\loader-router-map.json","type":"file","isSymbolicLink":false,"fileMetaData":{"size":16,"lastModifiedTime":1739968937789}},"D:\\MyApplication3\\entry\\build\\default\\intermediates\\res\\default\\resConfig.json":{"hashValue":"ee27091357d11f3b58794d39491f8374","name":"resConfig.json","path":"D:\\MyApplication3\\entry\\build\\default\\intermediates\\res\\default\\resConfig.json","type":"file","isSymbolicLink":false,"fileMetaData":{"size":946,"lastModifiedTime":1739968937818}},"D:\\MyApplication3\\entry\\build\\default\\intermediates\\res\\default\\opt-compression.json":{"hashValue":"3622c91424e90bc0af1239d3af41158c","name":"opt-compression.json","path":"D:\\MyApplication3\\entry\\build\\default\\intermediates\\res\\default\\opt-compression.json","type":"file","isSymbolicLink":false,"fileMetaData":{"size":187,"lastModifiedTime":1739968937817}},"D:\\MyApplication3\\entry\\build\\default\\intermediates\\loader\\default\\loader.json":{"hashValue":"22834599ae14ce43cbae01101cfa7303","name":"loader.json","path":"D:\\MyApplication3\\entry\\build\\default\\intermediates\\loader\\default\\loader.json","type":"file","isSymbolicLink":false,"fileMetaData":{"size":675,"lastModifiedTime":1739968937865}},"D:\\MyApplication3\\entry\\src\\main\\resources":{"hashValue":"7cc5a384446af287b19572496ee17735","name":"resources","path":"D:\\MyApplication3\\entry\\src\\main\\resources","type":"directory","isSymbolicLink":false,"children":[{"hashValue":"fa43552764c5a20d46ab2e8e4d8f9916","name":"base","path":"D:\\MyApplication3\\entry\\src\\main\\resources\\base","type":"directory","isSymbolicLink":false,"children":[{"hashValue":"9721ed9fdd8ccd18ed1407cc67562c59","name":"element","path":"D:\\MyApplication3\\entry\\src\\main\\resources\\base\\element","type":"directory","isSymbolicLink":false,"children":[{"hashValue":"595ccc9fd0f29df1d9ac1026b62e342b","name":"color.json","path":"D:\\MyApplication3\\entry\\src\\main\\resources\\base\\element\\color.json","type":"file","isSymbolicLink":false,"fileMetaData":{"size":241,"lastModifiedTime":1739967872581}},{"hashValue":"25e5156505b60acb82f3c6367e057edf","name":"string.json","path":"D:\\MyApplication3\\entry\\src\\main\\resources\\base\\element\\string.json","type":"file","isSymbolicLink":false,"fileMetaData":{"size":359,"lastModifiedTime":1739967630520}}]},{"hashValue":"188aa67f6fbc9f74779334a59847bc2f","name":"media","path":"D:\\MyApplication3\\entry\\src\\main\\resources\\base\\media","type":"directory","isSymbolicLink":false,"children":[{"hashValue":"da0979680af9a10209c5cc32dcdee186","name":"background.png","path":"D:\\MyApplication3\\entry\\src\\main\\resources\\base\\media\\background.png","type":"file","isSymbolicLink":false,"fileMetaData":{"size":57364,"lastModifiedTime":1739964022455}},{"hashValue":"4cc9d8d3842c9dd4a571892d740b671a","name":"foreground.png","path":"D:\\MyApplication3\\entry\\src\\main\\resources\\base\\media\\foreground.png","type":"file","isSymbolicLink":false,"fileMetaData":{"size":12430,"lastModifiedTime":1739964022465}},{"hashValue":"540f724a54f9a03903901d79057c1910","name":"layered_image.json","path":"D:\\MyApplication3\\entry\\src\\main\\resources\\base\\media\\layered_image.json","type":"file","isSymbolicLink":false,"fileMetaData":{"size":109,"lastModifiedTime":1739964022474}},{"hashValue":"4881ec76e5676eb6c76e67debb332619","name":"startIcon.png","path":"D:\\MyApplication3\\entry\\src\\main\\resources\\base\\media\\startIcon.png","type":"file","isSymbolicLink":false,"fileMetaData":{"size":20093,"lastModifiedTime":1739964022493}}]},{"hashValue":"ad5a2f2ba861f88b56ef9e63c9d5930d","name":"profile","path":"D:\\MyApplication3\\entry\\src\\main\\resources\\base\\profile","type":"directory","isSymbolicLink":false,"children":[{"hashValue":"2fbf54d63e64c82aee27e43ccc7ef1c7","name":"backup_config.json","path":"D:\\MyApplication3\\entry\\src\\main\\resources\\base\\profile\\backup_config.json","type":"file","isSymbolicLink":false,"fileMetaData":{"size":36,"lastModifiedTime":1739964022573}},{"hashValue":"768f9ccd9739d4fad5f234210e6be672","name":"main_pages.json","path":"D:\\MyApplication3\\entry\\src\\main\\resources\\base\\profile\\main_pages.json","type":"file","isSymbolicLink":false,"fileMetaData":{"size":65,"lastModifiedTime":1739964851558}}]}]},{"hashValue":"21fbe41ecd3b76ae1c2f2bd36242a9c8","name":"en_US","path":"D:\\MyApplication3\\entry\\src\\main\\resources\\en_US","type":"directory","isSymbolicLink":false,"children":[{"hashValue":"0d37e94262bcd08e3187bca5e6927140","name":"element","path":"D:\\MyApplication3\\entry\\src\\main\\resources\\en_US\\element","type":"directory","isSymbolicLink":false,"children":[{"hashValue":"e3bab8cb1e48943664279d1fbbb0786f","name":"string.json","path":"D:\\MyApplication3\\entry\\src\\main\\resources\\en_US\\element\\string.json","type":"file","isSymbolicLink":false,"fileMetaData":{"size":361,"lastModifiedTime":1739968625461}}]}]},{"hashValue":"","name":"rawfile","path":"D:\\MyApplication3\\entry\\src\\main\\resources\\rawfile","type":"directory","isSymbolicLink":false,"children":[]},{"hashValue":"ed5be95305c392006cb80eb4a6339323","name":"zh_CN","path":"D:\\MyApplication3\\entry\\src\\main\\resources\\zh_CN","type":"directory","isSymbolicLink":false,"children":[{"hashValue":"0e142e8a0a8d2d0c23c854b433949278","name":"element","path":"D:\\MyApplication3\\entry\\src\\main\\resources\\zh_CN\\element","type":"directory","isSymbolicLink":false,"children":[{"hashValue":"bb0c3a2d0db3f5c8fc20a0b97ac26a79","name":"string.json","path":"D:\\MyApplication3\\entry\\src\\main\\resources\\zh_CN\\element\\string.json","type":"file","isSymbolicLink":false,"fileMetaData":{"size":358,"lastModifiedTime":1739968656179}}]}]}]},"D:\\MyApplication3\\AppScope\\resources":{"hashValue":"9a7728c19d5c34cc5610764908224131","name":"resources","path":"D:\\MyApplication3\\AppScope\\resources","type":"directory","isSymbolicLink":false,"children":[{"hashValue":"db40f36a75f807fbee9a56ba73523841","name":"base","path":"D:\\MyApplication3\\AppScope\\resources\\base","type":"directory","isSymbolicLink":false,"children":[{"hashValue":"08f6b3dd55bfbe3001736c8b71aad440","name":"element","path":"D:\\MyApplication3\\AppScope\\resources\\base\\element","type":"directory","isSymbolicLink":false,"children":[{"hashValue":"d4313f9b80f577505bac0abfeae2df38","name":"string.json","path":"D:\\MyApplication3\\AppScope\\resources\\base\\element\\string.json","type":"file","isSymbolicLink":false,"fileMetaData":{"size":99,"lastModifiedTime":1739964022047}}]},{"hashValue":"7d078cd90e1099c862bdd45e65e699b9","name":"media","path":"D:\\MyApplication3\\AppScope\\resources\\base\\media","type":"directory","isSymbolicLink":false,"children":[{"hashValue":"cb5cda55a3415bf40e2e141ea213b7d8","name":"app_icon.png","path":"D:\\MyApplication3\\AppScope\\resources\\base\\media\\app_icon.png","type":"file","isSymbolicLink":false,"fileMetaData":{"size":2777,"lastModifiedTime":1739964022023}}]}]}]},"D:\\MyApplication3\\entry\\build\\default\\intermediates\\res\\default":{"hashValue":"383b3fb8a673e2b309324c81b2c2b239","name":"default","path":"D:\\MyApplication3\\entry\\build\\default\\intermediates\\res\\default","type":"directory","isSymbolicLink":false,"children":[{"hashValue":"bad96f9b96f4d49fc828a6970b193822","name":"ids_map","path":"D:\\MyApplication3\\entry\\build\\default\\intermediates\\res\\default\\ids_map","type":"directory","isSymbolicLink":false,"children":[{"hashValue":"ea67283bb551dc8258eda9df25ce8a6e","name":"id_defined.json","path":"D:\\MyApplication3\\entry\\build\\default\\intermediates\\res\\default\\ids_map\\id_defined.json","type":"file","isSymbolicLink":false,"fileMetaData":{"size":1223,"lastModifiedTime":1739968938104}}]},{"hashValue":"06edc238d5c33a648753a9434a365fc7","name":"module.json","path":"D:\\MyApplication3\\entry\\build\\default\\intermediates\\res\\default\\module.json","type":"file","isSymbolicLink":false,"fileMetaData":{"size":1826,"lastModifiedTime":1739968938101}},{"hashValue":"3622c91424e90bc0af1239d3af41158c","name":"opt-compression.json","path":"D:\\MyApplication3\\entry\\build\\default\\intermediates\\res\\default\\opt-compression.json","type":"file","isSymbolicLink":false,"fileMetaData":{"size":187,"lastModifiedTime":1739968937817}},{"hashValue":"ee27091357d11f3b58794d39491f8374","name":"resConfig.json","path":"D:\\MyApplication3\\entry\\build\\default\\intermediates\\res\\default\\resConfig.json","type":"file","isSymbolicLink":false,"fileMetaData":{"size":946,"lastModifiedTime":1739968937818}},{"hashValue":"47dcc4fc7779dfacce870beb1859eefb","name":"resources","path":"D:\\MyApplication3\\entry\\build\\default\\intermediates\\res\\default\\resources","type":"directory","isSymbolicLink":false,"children":[{"hashValue":"c69e066b63859f7b3fb4e895173cb5a1","name":"base","path":"D:\\MyApplication3\\entry\\build\\default\\intermediates\\res\\default\\resources\\base","type":"directory","isSymbolicLink":false,"children":[{"hashValue":"4df1fab2e6c4ce4294807ddb8298367a","name":"media","path":"D:\\MyApplication3\\entry\\build\\default\\intermediates\\res\\default\\resources\\base\\media","type":"directory","isSymbolicLink":false,"children":[{"hashValue":"cb5cda55a3415bf40e2e141ea213b7d8","name":"app_icon.png","path":"D:\\MyApplication3\\entry\\build\\default\\intermediates\\res\\default\\resources\\base\\media\\app_icon.png","type":"file","isSymbolicLink":false,"fileMetaData":{"size":2777,"lastModifiedTime":1739964022023}},{"hashValue":"da0979680af9a10209c5cc32dcdee186","name":"background.png","path":"D:\\MyApplication3\\entry\\build\\default\\intermediates\\res\\default\\resources\\base\\media\\background.png","type":"file","isSymbolicLink":false,"fileMetaData":{"size":57364,"lastModifiedTime":1739964022455}},{"hashValue":"4cc9d8d3842c9dd4a571892d740b671a","name":"foreground.png","path":"D:\\MyApplication3\\entry\\build\\default\\intermediates\\res\\default\\resources\\base\\media\\foreground.png","type":"file","isSymbolicLink":false,"fileMetaData":{"size":12430,"lastModifiedTime":1739964022465}},{"hashValue":"cd5d9695248beb619543eb98975f64cf","name":"layered_image.json","path":"D:\\MyApplication3\\entry\\build\\default\\intermediates\\res\\default\\resources\\base\\media\\layered_image.json","type":"file","isSymbolicLink":false,"fileMetaData":{"size":95,"lastModifiedTime":1739968938096}},{"hashValue":"4881ec76e5676eb6c76e67debb332619","name":"startIcon.png","path":"D:\\MyApplication3\\entry\\build\\default\\intermediates\\res\\default\\resources\\base\\media\\startIcon.png","type":"file","isSymbolicLink":false,"fileMetaData":{"size":20093,"lastModifiedTime":1739964022493}}]},{"hashValue":"ad5a2f2ba861f88b56ef9e63c9d5930d","name":"profile","path":"D:\\MyApplication3\\entry\\build\\default\\intermediates\\res\\default\\resources\\base\\profile","type":"directory","isSymbolicLink":false,"children":[{"hashValue":"2fbf54d63e64c82aee27e43ccc7ef1c7","name":"backup_config.json","path":"D:\\MyApplication3\\entry\\build\\default\\intermediates\\res\\default\\resources\\base\\profile\\backup_config.json","type":"file","isSymbolicLink":false,"fileMetaData":{"size":36,"lastModifiedTime":1739964022573}},{"hashValue":"768f9ccd9739d4fad5f234210e6be672","name":"main_pages.json","path":"D:\\MyApplication3\\entry\\build\\default\\intermediates\\res\\default\\resources\\base\\profile\\main_pages.json","type":"file","isSymbolicLink":false,"fileMetaData":{"size":65,"lastModifiedTime":1739964851558}}]}]},{"hashValue":"","name":"rawfile","path":"D:\\MyApplication3\\entry\\build\\default\\intermediates\\res\\default\\resources\\rawfile","type":"directory","isSymbolicLink":false,"children":[]}]},{"hashValue":"e6ea1172ddc4e2c9164e27ccb91339b1","name":"resources.index","path":"D:\\MyApplication3\\entry\\build\\default\\intermediates\\res\\default\\resources.index","type":"file","isSymbolicLink":false,"fileMetaData":{"size":1638,"lastModifiedTime":1739968938103}},{"hashValue":"ecf10c0bfb02876ddfc990966feeef9f","name":"ResourceTable.txt","path":"D:\\MyApplication3\\entry\\build\\default\\intermediates\\res\\default\\ResourceTable.txt","type":"file","isSymbolicLink":false,"fileMetaData":{"size":471,"lastModifiedTime":1739968938098}}]},"D:\\MyApplication3\\entry\\build\\default\\generated\\r\\default\\ResourceTable.h":{"hashValue":"ebc0b03d5bfa89f33f4d893dfd6508b4","name":"ResourceTable.h","path":"D:\\MyApplication3\\entry\\build\\default\\generated\\r\\default\\ResourceTable.h","type":"file","isSymbolicLink":false,"fileMetaData":{"size":1449,"lastModifiedTime":1739968938097}},"D:\\MyApplication3\\entry\\build\\default\\generated\\r\\default":{"hashValue":"3ec593df8506e7cba44c7213a66c9a68","name":"default","path":"D:\\MyApplication3\\entry\\build\\default\\generated\\r\\default","type":"directory","isSymbolicLink":false,"children":[{"hashValue":"ebc0b03d5bfa89f33f4d893dfd6508b4","name":"ResourceTable.h","path":"D:\\MyApplication3\\entry\\build\\default\\generated\\r\\default\\ResourceTable.h","type":"file","isSymbolicLink":false,"fileMetaData":{"size":1449,"lastModifiedTime":1739968938097}}]},"D:\\MyApplication3\\entry\\build\\default\\intermediates\\loader\\default":{"hashValue":"ed2ac79f9e90318c7d5d3154e5359421","name":"default","path":"D:\\MyApplication3\\entry\\build\\default\\intermediates\\loader\\default","type":"directory","isSymbolicLink":false,"children":[{"hashValue":"22834599ae14ce43cbae01101cfa7303","name":"loader.json","path":"D:\\MyApplication3\\entry\\build\\default\\intermediates\\loader\\default\\loader.json","type":"file","isSymbolicLink":false,"fileMetaData":{"size":675,"lastModifiedTime":1739968937865}},{"hashValue":"68afb08179402637ae5863e6d354a342","name":"pkgContextInfo.json","path":"D:\\MyApplication3\\entry\\build\\default\\intermediates\\loader\\default\\pkgContextInfo.json","type":"file","isSymbolicLink":false,"fileMetaData":{"size":444,"lastModifiedTime":1739968937446}}]},"D:\\MyApplication3\\entry\\build\\default\\intermediates\\res\\default\\resources\\rawfile":{"hashValue":"","name":"rawfile","path":"D:\\MyApplication3\\entry\\build\\default\\intermediates\\res\\default\\resources\\rawfile","type":"directory","isSymbolicLink":false,"children":[]},"D:\\MyApplication3\\entry\\build\\default\\intermediates\\res\\default\\ResourceTable.txt":{"hashValue":"ecf10c0bfb02876ddfc990966feeef9f","name":"ResourceTable.txt","path":"D:\\MyApplication3\\entry\\build\\default\\intermediates\\res\\default\\ResourceTable.txt","type":"file","isSymbolicLink":false,"fileMetaData":{"size":471,"lastModifiedTime":1739968938098}},"D:\\MyApplication3\\entry\\build\\default\\intermediates\\res\\default\\module.json":{"hashValue":"06edc238d5c33a648753a9434a365fc7","name":"module.json","path":"D:\\MyApplication3\\entry\\build\\default\\intermediates\\res\\default\\module.json","type":"file","isSymbolicLink":false,"fileMetaData":{"size":1826,"lastModifiedTime":1739968938101}},"D:\\MyApplication3\\entry\\build\\default\\intermediates\\res\\default\\resources\\base\\profile":{"hashValue":"ad5a2f2ba861f88b56ef9e63c9d5930d","name":"profile","path":"D:\\MyApplication3\\entry\\build\\default\\intermediates\\res\\default\\resources\\base\\profile","type":"directory","isSymbolicLink":false,"children":[{"hashValue":"2fbf54d63e64c82aee27e43ccc7ef1c7","name":"backup_config.json","path":"D:\\MyApplication3\\entry\\build\\default\\intermediates\\res\\default\\resources\\base\\profile\\backup_config.json","type":"file","isSymbolicLink":false,"fileMetaData":{"size":36,"lastModifiedTime":1739964022573}},{"hashValue":"768f9ccd9739d4fad5f234210e6be672","name":"main_pages.json","path":"D:\\MyApplication3\\entry\\build\\default\\intermediates\\res\\default\\resources\\base\\profile\\main_pages.json","type":"file","isSymbolicLink":false,"fileMetaData":{"size":65,"lastModifiedTime":1739964851558}}]},"D:\\MyApplication3\\entry\\src\\main\\ets":{"hashValue":"760cc8e61de7c13d0242f8630cd0ea6d","name":"ets","path":"D:\\MyApplication3\\entry\\src\\main\\ets","type":"directory","isSymbolicLink":false,"children":[{"hashValue":"ebefed8e97123a8c96aa068dfc33f343","name":"common","path":"D:\\MyApplication3\\entry\\src\\main\\ets\\common","type":"directory","isSymbolicLink":false,"children":[{"hashValue":"cd970b0d3d75b91ae5fc9e03dbe0f12b","name":"constants","path":"D:\\MyApplication3\\entry\\src\\main\\ets\\common\\constants","type":"directory","isSymbolicLink":false,"children":[{"hashValue":"db8d70371a02b6ff3411f8819d38ada3","name":"CommonConstants.ets","path":"D:\\MyApplication3\\entry\\src\\main\\ets\\common\\constants\\CommonConstants.ets","type":"file","isSymbolicLink":false,"fileMetaData":{"size":2052,"lastModifiedTime":1739968925369}}]},{"hashValue":"04e2bcef4a8eb4c13c246676455dd89e","name":"utils","path":"D:\\MyApplication3\\entry\\src\\main\\ets\\common\\utils","type":"directory","isSymbolicLink":false,"children":[{"hashValue":"25358c169819e3c724c324347b047469","name":"Logger.ets","path":"D:\\MyApplication3\\entry\\src\\main\\ets\\common\\utils\\Logger.ets","type":"file","isSymbolicLink":false,"fileMetaData":{"size":961,"lastModifiedTime":1739967535547}}]}]},{"hashValue":"5bb543d5fd36440af45937bbfb17bfd8","name":"entryability","path":"D:\\MyApplication3\\entry\\src\\main\\ets\\entryability","type":"directory","isSymbolicLink":false,"children":[{"hashValue":"dcf722986e2dd797f1dcb4cde158f620","name":"EntryAbility.ets","path":"D:\\MyApplication3\\entry\\src\\main\\ets\\entryability\\EntryAbility.ets","type":"file","isSymbolicLink":false,"fileMetaData":{"size":1478,"lastModifiedTime":1739964262625}}]},{"hashValue":"2988d41b86cef0bb87083e340e3a125d","name":"entrybackupability","path":"D:\\MyApplication3\\entry\\src\\main\\ets\\entrybackupability","type":"directory","isSymbolicLink":false,"children":[{"hashValue":"b83c718d4c6fb1ea6fe0dad171495fb3","name":"EntryBackupAbility.ets","path":"D:\\MyApplication3\\entry\\src\\main\\ets\\entrybackupability\\EntryBackupAbility.ets","type":"file","isSymbolicLink":false,"fileMetaData":{"size":436,"lastModifiedTime":1739964030052}}]},{"hashValue":"8292218698fcda8de4699acc457ecbd3","name":"pages","path":"D:\\MyApplication3\\entry\\src\\main\\ets\\pages","type":"directory","isSymbolicLink":false,"children":[{"hashValue":"8a3a199325b6d3d7f0e2a2ff8725f53f","name":"IndexPage.ets","path":"D:\\MyApplication3\\entry\\src\\main\\ets\\pages\\IndexPage.ets","type":"file","isSymbolicLink":false,"fileMetaData":{"size":1369,"lastModifiedTime":1739967407663}},{"hashValue":"4f529ab51cbf0c5d05fd2830bc3ef8f2","name":"SecondPage.ets","path":"D:\\MyApplication3\\entry\\src\\main\\ets\\pages\\SecondPage.ets","type":"file","isSymbolicLink":false,"fileMetaData":{"size":1242,"lastModifiedTime":1739967469741}}]}]},"D:\\MyApplication3\\entry\\build\\default\\intermediates\\loader_out\\default\\ets":{"hashValue":"e3bdccdb67f9fb7560e99d888d6d7010","name":"ets","path":"D:\\MyApplication3\\entry\\build\\default\\intermediates\\loader_out\\default\\ets","type":"directory","isSymbolicLink":false,"children":[{"hashValue":"40ffd0dfd454e25ab540850a442a45f0","name":"modules.abc","path":"D:\\MyApplication3\\entry\\build\\default\\intermediates\\loader_out\\default\\ets\\modules.abc","type":"file","isSymbolicLink":false,"fileMetaData":{"size":24568,"lastModifiedTime":1739968956371}},{"hashValue":"2fef5fbc2fbee7affb7d79e01f3ffdbf","name":"sourceMaps.map","path":"D:\\MyApplication3\\entry\\build\\default\\intermediates\\loader_out\\default\\ets\\sourceMaps.map","type":"file","isSymbolicLink":false,"fileMetaData":{"size":7741,"lastModifiedTime":1739968956264}}]},"D:\\MyApplication3\\entry\\build\\default\\intermediates\\stripped_native_libs\\default":{"hashValue":"","name":"default","path":"D:\\MyApplication3\\entry\\build\\default\\intermediates\\stripped_native_libs\\default","type":"directory","isSymbolicLink":false,"children":[]},"D:\\MyApplication3\\entry\\build\\default\\intermediates\\patch\\default\\base_native_libs.json":{"hashValue":"b52f354005e5de8828595d195ad0763a","name":"base_native_libs.json","path":"D:\\MyApplication3\\entry\\build\\default\\intermediates\\patch\\default\\base_native_libs.json","type":"file","isSymbolicLink":false,"fileMetaData":{"size":25,"lastModifiedTime":1739968944278}},"D:\\MyApplication3\\entry\\build\\default\\intermediates\\package\\default\\module.json":{"hashValue":"06edc238d5c33a648753a9434a365fc7","name":"module.json","path":"D:\\MyApplication3\\entry\\build\\default\\intermediates\\package\\default\\module.json","type":"file","isSymbolicLink":false,"fileMetaData":{"size":1826,"lastModifiedTime":1739968938101}},"D:\\MyApplication3\\entry\\build\\default\\intermediates\\res\\default\\resources":{"hashValue":"47dcc4fc7779dfacce870beb1859eefb","name":"resources","path":"D:\\MyApplication3\\entry\\build\\default\\intermediates\\res\\default\\resources","type":"directory","isSymbolicLink":false,"children":[{"hashValue":"c69e066b63859f7b3fb4e895173cb5a1","name":"base","path":"D:\\MyApplication3\\entry\\build\\default\\intermediates\\res\\default\\resources\\base","type":"directory","isSymbolicLink":false,"children":[{"hashValue":"4df1fab2e6c4ce4294807ddb8298367a","name":"media","path":"D:\\MyApplication3\\entry\\build\\default\\intermediates\\res\\default\\resources\\base\\media","type":"directory","isSymbolicLink":false,"children":[{"hashValue":"cb5cda55a3415bf40e2e141ea213b7d8","name":"app_icon.png","path":"D:\\MyApplication3\\entry\\build\\default\\intermediates\\res\\default\\resources\\base\\media\\app_icon.png","type":"file","isSymbolicLink":false,"fileMetaData":{"size":2777,"lastModifiedTime":1739964022023}},{"hashValue":"da0979680af9a10209c5cc32dcdee186","name":"background.png","path":"D:\\MyApplication3\\entry\\build\\default\\intermediates\\res\\default\\resources\\base\\media\\background.png","type":"file","isSymbolicLink":false,"fileMetaData":{"size":57364,"lastModifiedTime":1739964022455}},{"hashValue":"4cc9d8d3842c9dd4a571892d740b671a","name":"foreground.png","path":"D:\\MyApplication3\\entry\\build\\default\\intermediates\\res\\default\\resources\\base\\media\\foreground.png","type":"file","isSymbolicLink":false,"fileMetaData":{"size":12430,"lastModifiedTime":1739964022465}},{"hashValue":"cd5d9695248beb619543eb98975f64cf","name":"layered_image.json","path":"D:\\MyApplication3\\entry\\build\\default\\intermediates\\res\\default\\resources\\base\\media\\layered_image.json","type":"file","isSymbolicLink":false,"fileMetaData":{"size":95,"lastModifiedTime":1739968938096}},{"hashValue":"4881ec76e5676eb6c76e67debb332619","name":"startIcon.png","path":"D:\\MyApplication3\\entry\\build\\default\\intermediates\\res\\default\\resources\\base\\media\\startIcon.png","type":"file","isSymbolicLink":false,"fileMetaData":{"size":20093,"lastModifiedTime":1739964022493}}]},{"hashValue":"ad5a2f2ba861f88b56ef9e63c9d5930d","name":"profile","path":"D:\\MyApplication3\\entry\\build\\default\\intermediates\\res\\default\\resources\\base\\profile","type":"directory","isSymbolicLink":false,"children":[{"hashValue":"2fbf54d63e64c82aee27e43ccc7ef1c7","name":"backup_config.json","path":"D:\\MyApplication3\\entry\\build\\default\\intermediates\\res\\default\\resources\\base\\profile\\backup_config.json","type":"file","isSymbolicLink":false,"fileMetaData":{"size":36,"lastModifiedTime":1739964022573}},{"hashValue":"768f9ccd9739d4fad5f234210e6be672","name":"main_pages.json","path":"D:\\MyApplication3\\entry\\build\\default\\intermediates\\res\\default\\resources\\base\\profile\\main_pages.json","type":"file","isSymbolicLink":false,"fileMetaData":{"size":65,"lastModifiedTime":1739964851558}}]}]},{"hashValue":"","name":"rawfile","path":"D:\\MyApplication3\\entry\\build\\default\\intermediates\\res\\default\\resources\\rawfile","type":"directory","isSymbolicLink":false,"children":[]}]},"D:\\MyApplication3\\entry\\build\\default\\intermediates\\res\\default\\resources.index":{"hashValue":"e6ea1172ddc4e2c9164e27ccb91339b1","name":"resources.index","path":"D:\\MyApplication3\\entry\\build\\default\\intermediates\\res\\default\\resources.index","type":"file","isSymbolicLink":false,"fileMetaData":{"size":1638,"lastModifiedTime":1739968938103}},"D:\\MyApplication3\\entry\\build\\default\\outputs\\default\\entry-default-unsigned.hap":{"hashValue":"66593a862df29b343a17dc08ea35a0b4","name":"entry-default-unsigned.hap","path":"D:\\MyApplication3\\entry\\build\\default\\outputs\\default\\entry-default-unsigned.hap","type":"file","isSymbolicLink":false,"fileMetaData":{"size":131070,"lastModifiedTime":1739968957455}},"D:\\MyApplication3\\entry\\build\\default\\outputs\\default\\mapping\\sourceMaps.map":{"hashValue":"2fef5fbc2fbee7affb7d79e01f3ffdbf","name":"sourceMaps.map","path":"D:\\MyApplication3\\entry\\build\\default\\outputs\\default\\mapping\\sourceMaps.map","type":"file","isSymbolicLink":false,"fileMetaData":{"size":7741,"lastModifiedTime":1739968956264}},"D:\\MyApplication3\\entry\\build\\default\\intermediates\\libs\\default":{"hashValue":"","name":"default","path":"D:\\MyApplication3\\entry\\build\\default\\intermediates\\libs\\default","type":"directory","isSymbolicLink":false,"children":[]},"D:\\MyApplication3\\build\\cache\\default\\integrated_hsp\\integratedHspCache.json":{"hashValue":"","name":"emptyroot","path":"","type":"unknown","isSymbolicLink":false,"children":[]},"D:\\MyApplication3\\entry\\build\\default\\intermediates\\syscap\\default\\rpcid.sc":{"hashValue":"","name":"emptyroot","path":"","type":"unknown","isSymbolicLink":false,"children":[]},"D:\\MyApplication3\\entry\\build\\default\\intermediates\\loader_out\\default\\js":{"hashValue":"","name":"emptyroot","path":"","type":"unknown","isSymbolicLink":false,"children":[]},"D:\\MyApplication3\\entry\\build\\default\\outputs\\default\\entry-default-signed.hap":{"hashValue":"","name":"emptyroot","path":"","type":"unknown","isSymbolicLink":false,"children":[]}}