{
  "HVIGOR_OHOS_PLUGIN": {
    "MODULES": [
      {
        "MODULE_NAME": "1043bfc77febe75fafec0c4309faccf1",
        "API_TYPE": "stageMode"
      }
    ],
    "BUILD_MODE": "debug"
  },
  "HVIGOR": {
    "IS_INCREMENTAL": true,
    "IS_DAEMON": true,
    "IS_PARALLEL": true,
    "IS_HVIGORFILE_TYPE_CHECK": false,
    "TASK_TIME": {
      "1043bfc77febe75fafec0c4309faccf1": {
        "ConfigureCmake": 317000,
        "PreCheckSyscap": 410000,
        "ProcessIntegratedHsp": 3462900,
        "BuildNativeWithCmake": 402100,
        "SyscapTransform": 4227500,
        "BuildNativeWithNinja": 1359200,
        "BuildJS": 6208300,
        "SignHap": 3415600,
        "assembleHap": 438700
      }
    },
    "TOTAL_TIME": 600619600,
    "BUILD_ID": "202502191242467520"
  }
}